kanji_text,radical,kanji_pron,on_pron,kun_pron,mean,memo,level_id,examples
一,一,NHẤT,イチ; イツ,ひと; ひと-つ; ひと-り,Một,Số 1 được biểu thị bằng 1 ngón tay.,5,一瞬(いっしゅん); 一月(いちがつ); 十一(じゅういち); 一万(いちまん); 一億(いちおく); 一回(いっかい); 一人(ひとり); 一番(いちばん); 一度(いちど); 均一(きんいつ)
二,一; 一,NHỊ,ニ; ジ,ふた; ふた-つ; ふた-り,Hai,Số 2 được biểu thị bằng 2 ngón tay.,5,二月(にがつ); 十二(じゅうに); 二十(にじゅう); 二回(にかい); 二重(にじゅう); 二人(ふたり); 第二(だいに); 二親(ふたおや); 二心(ふたごころ); 二幅(ふたの)
三,一; 一; 一,TAM,サン; ゾウ,み; み-つ; みっつ,"Ba, số 3",Số 3 được biểu thị bằng 3 ngón tay.,5,三月(さんがつ); 三十(さんじゅう); 三回(さんかい); 三重(みえ); 第三(だいさん); 三日(みっか); 三角(さんかく); 三界(さんがい); 二三(にさん); 三曲(さんきょく)
四,囗; 儿,TỨ,シ,よ; よ-つ; よっ-つ; よん,"Bốn, số 4",Hình tứ giác có 4 góc.,5,四月(しがつ); 四十(よんじゅう); 四面(しめん); 第四(だいし); 四角(しかく); 四季(しき); 四散(しさん); 四方(しほう); 四つ(よっつ); 四時(よじ)
五,五,NGŨ,ゴ,いつ; いつ-つ,"Năm, số 5",Bạn có thể tạo ra chữ Ngũ bằng 5 que diêm được không?,5,五月(ごがつ); 十五(じゅうご); 五十(ごじゅう); 五価(ごか); 五戒(ごかい); 五感(ごかん); 五経(ごきょう); 五行(ごぎょう); 五悪(ごあく); 五絃(ごげん)
六,亠; 八,LỤC,ロク,む; む-つ; むっ-つ; むい,"Sáu, số 6",Đây là cách người Trung Quốc biểu thị số 6.,5,六月(ろくがつ); 六十(ろくじゅう); 六日(むいか); 六本(ろっぽん); 甚六(じんろく); 六つ(むつ); 六時(ろくじ); 六分(ろっぷん); 六年(ろくねん); 六着(ろくちゃく)
七,七,THẤT,シチ,なな; なな-つ; なの,"Bảy, số bảy",2 cộng 5 là 7.,5,七月(しちがつ); 七十(ななじゅう); 七色(なないろ); 七重(ななえ); 七草(ななくさ); 七日(なのか); 七瀬(ななせ); 七海(ななみ); 七つ(ななつ); 七時(しちじ)
八,八,BÁT,ハチ,や; や-つ; やっ-つ; よう,Số tám,Đây là (ハ) trong (ハチ) viết bằng Katakana.,5,八月(はちがつ); 八十(はちじゅう); 八重(やえ); 八日(ようか); 八つ(やっつ); 八時(はちじ); 八分(はっぷん); 八年(はちねん); 八着(はっちゃく); 八台(はちだい)
九,九,CỬU,キュウ; ク,ここの; ここの-つ,"Chín, số 9",Bạn có chống đẩy được 9 cái không?,5,九月(くがつ); 九十(きゅうじゅう); 九九(くく); 九死(きゅうし); 九州(きゅうしゅう); 九拝(きゅうはい); 九重(ここのえ); 九つ(ここのつ); 九時(くじ); 九分(きゅうふん)
十,十,THẬP,ジュウ; ジッ; ジュッ,とお; と,Số mười,Hãy bó 10 thanh này lại với nhau.,5,十月(じゅうがつ); 十年(とおねん); 十一(じゅういち); 十二(じゅうに); 十五(じゅうご); 二十(にじゅう); 三十(さんじゅう); 四十(よんじゅう); 五十(ごじゅう); 六十(ろくじゅう)
百,一; 白,"BÁCH, MẠCH",ヒャク; ビャク,もも,"Trăm, một trăm",Xoay số 100 góc 90 độ về bên phải ta được hình giống chữ 百.,5,百年(ひゃくねん); 百万(ひゃくまん); 百害(ひゃくがい); 百事(ひゃくじ); 百獣(ひゃくじゅう); 百姓(ひゃくしょう); 百戦(ひゃくせん); 百代(ひゃくだい); 百檀(ひゃくだん); 百日(ひゃくにち)
千,千,THIÊN,セン,ち,"Nghìn, một nghìn",Bổ sung (ノ) vào 10 (十) ta được (千) một số lớn hơn rất nhiều.,5,千鳥(ちどり); 千里(せんり); 二千(にせん); 三千(さんぜん); 四千(よんせん); 五千(ごせん); 六千(ろくせん); 七千(ななせん); 八千(はっせん); 九千(きゅうせん)
万,万,"VẠN, MẶC",マン; バン,よろず,"Mười nghìn, một vạn, nhiều",Một vạn là một số gồm 5 chữ số.,5,一万(いちまん); 百万(ひゃくまん); 巨万(きょまん); 万金(まんきん); 万言(まんげん); 万着(まんちゃく); 万人(まんにん); 万能(ばんのう); 万病(まんびょう); 万一(まんいち)
円,円,VIÊN,エン,まる-い; まる; まど; まど-か; まろ-やか,"Đồng yên, tròn",Đây là hình dạng một vòng tròn.,5,円高(えんだか); 大円(だいえん); 楕円(だえん); 円柱(えんちゅう); 円価(えんか); 円貨(えんか); 円滑(えんかつ); 円鏡(えんきょう); 円形(えんけい); 円光(えんこう)
口,口,KHẨU,コウ; ク,くち,Cái miệng,Đây là hình dạnh của miệng.,5,川口(かわぐち); 口調(くちょう); 入口(いりぐち); 出口(でぐち); 人口(じんこう); 東口(ひがしぐち); 窓口(まどぐち); 口説(くぜつ); 口笛(くちぶえ); 口入(くちいれ)
目,目,MỤC,モク; ボク,め; ま,Mắt,Đây là hình dạng của mắt.,5,目次(もくじ); 目的(もくてき); 単目(たんめ); 費目(ひもく); 曲目(きょくもく); 耳目(じもく); 標目(ひょうもく); 科目(かもく); 櫛目(くしめ); 品目(ひんもく)
日,日,NHẬT,ニチ; ジツ,ひ; び; か; に,"Ngày, mặt trời",Đây là hình mặt trời.,5,日程(にってい); 日本(にほん); 毎日(まいにち); 夕日(ゆうひ); 今日(きょう); 昨日(きのう); 翌日(よくじつ); 日光(にっこう); 日食(にっしょく); 旭日(きょくじつ)
月,月,NGUYỆT,ゲツ; ガツ,つき,"Tháng, mặt trăng",Đây là hình trăng lưỡi liềm.,5,毎月(まいげつ); 先月(せんげつ); 一月(いちがつ); 二月(にがつ); 三月(さんがつ); 四月(しがつ); 五月(ごがつ); 六月(ろくがつ); 七月(しちがつ); 八月(はちがつ)
火,火,HỎA,カ,ひ; び; ほ,Lửa,Đây là hình ngọn lửa.,5,火力(かりょく); 火星(かせい); 火山(かざん); 花火(はなび); 火事(かじ); 火箸(ひばし); 火鉢(ひばち); 火花(ひばな); 炬火(きょか); 漁火(ぎょか)
水,水,THỦY,スイ,みず,Nước,Thác bắn nước ra xung quanh.,5,水力(すいりょく); 水星(すいせい); 水薬(みずぐすり); 水仙(すいせん); 水牛(すいぎゅう); 水分(すいぶん); 洪水(こうずい); 水泳(すいえい); 水道(すいどう); 水筒(すいとう)
木,木,MỘC,ボク; モク,き,"Gỗ, cây cối",Hình ảnh của một cái cây gồm phần thân cây là một nét dọc dài và cành cây là nét ngang dài. Hai nét còn lại vẽ xuống theo cả hai chiều để thể hiện rễ.,5,木炭(もくたん); 木星(もくせい); 木綿(もめん); 木耳(きくらげ); 木蓮(もくれん); 木表(きおもて); 木裏(きうら); 巨木(きょぼく); 硬木(こうぼく); 香木(こうぼく)
金,金,KIM,キン; コン; ゴン,かね; かな; がね,"Kim loại, vàng",Có lẽ ở dưới núi có vàng đấy.,5,金星(きんせい); 金額(きんがく); 罰金(ばっきん); 醵金(きょきん); 金糸(きんいと); 金員(きんいん); 金液(きんえき); 金貨(きんか); 金塊(きんかい); 金側(きんがわ)
土,土,THỔ,ド; ト,つち,Đất,Một mầm cây đang vươn lên từ đất.,5,土地(とち); 領土(りょうど); 郷土(きょうど); 苦土(くど); 黒土(くろつち); 土竜(もぐら); 唐土(もろこし); 風土(ふうど); 肥土(こえつち); 陶土(とうど)
曜,日; 羽; 隹,DIỆU,ヨウ,"",Ngày trong tuần,Vào ngày đầu tuần con chim kêu piyo-piyo (ピヨピヨ),5,火曜(かよう); 曜日(ようび); 月曜(げつよう); 晃曜(こうよう); 金曜(きんよう); 六曜(ろくよう); 日曜(にちよう); 曜霊(ようれい); 水曜(すいよう); 七曜(しちよう)
本,木; 一,"BỔN, BẢN",ホン,もと,"Gốc, rễ, cội nguồn của sự vật, sách",Đây là gốc cây (木) hãy đánh dấu bằng “-”.,5,日本(にほん); 本屋(ほんや); 本棚(ほんだな); 本社(ほんしゃ); 絵本(えほん); 教本(きょうほん); 標本(ひょうほん); 稿本(こうほん); 手本(てほん); 木本(もくほん)
人,人,NHÂN,ジン; ニン,ひと,Người,Người này đang đứng bằng 2 chân.,5,人参(にんじん); 詩人(しじん); 軍人(ぐんじん); 人格(じんかく); 変人(へんじん); 一人(ひとり); 二人(ふたり); 老人(ろうじん); 人気(にんき); 恋人(こいびと)
今,人; 一,KIM,コン; キン,いま,"Nay, hiện nay, bây giờ ",“Bây giờ cậu đang làm gì đấy?”; “Tớ đang hát lalala (ラララ) ở nhà.”,5,今日(きょう); 今朝(けさ); 今度(こんど); 今夜(こんや); 今上(きんじょう); 昨今(さっこ); 現今(げんこん); 只今(ただいま); 古今(ここん); 今次(こんじ)
寺,土; 寸,TỰ,ジ,てら,"Chùa, ngôi chùa","Nhìn kìa, trên chỗ đất (土) kia có một ngôi chùa.",5,尼寺(あまでら); お寺(おてら); 古寺(ふるでら); 寺院(じいん); 寺格(じかく); 寺領(じりょう); 寺禄(じろく); 山寺(やまでら); 禅寺(ぜんでら); 僧寺(そうじ)
時,日; 土; 寸,"THÌ, THỜI",ジ,とき; どき,"Thời điểm, thời gian",Ngày xưa người ta rung chuông chùa để báo thời gian.,5,時間(じかん); 毎時(まいじ); 時々(ときどき); 何時(いつ); 近時(きんじ); 計時(けいじ); 現時(げんじ); 限時(げんじ); 時片(かたとき); 不時(ふじ)
半,丷; 一; 一; 丨,BÁN,ハン,なか-ば,"Nửa, một nửa","Hãy cắt 3 đoạn này làm đôi. Ô, chỉ đoạn trên cùng bị cắt.",5,半靴(はんくつ); 夜半(やはん); 半年(はんとし); 半島(はんとう); 脚半(きゃはん); 過半(かはん); 後半(こうはん); 半ば(なかば); 上半(じょうはん); 半分(はんぶん)
刀,刀,ĐAO,トウ,かたな; そり,"Con dao, cây đao (vũ khí)",Hãy cắt thành 2 phần bằng con dao (刀).,5,快刀(かいとう); 剃刀(かみそり); 軍刀(ぐんとう); 小刀(こがたな); 牛刀(ぎゅうとう); 大刀(だいとう); 腰刀(こしがたな); 鈍刀(どんとう); 枕刀(まくらがたな); 懐刀(ふところがたな)
分,八; 刀,PHÂN,ブン; フン; ブ,わ-ける; わ-かれる; わ-かる,"Chia cắt, phân chia, lượng từ đếm thời gian",Hãy cắt thành 2 phần bằng con dao (刀).,5,水分(すいぶん); 随分(ずいぶん); 多分(たぶん); 均分(きんぶん); 区分(くぷん); 灰分(かいぶん); 持分(もちぶん); 検分(けんぶん); 気分(きぶん); 約分(やくぶん)
上,上,"THƯỢNG, THƯỚNG",ジョウ; ショウ; シャン,うえ; うわ; かみ; あ-げる; あ-がる; あ-がり; のぼ-る; のぼ-り; のぼ-せる; のぼ-す; よ-す,"Trên, phía trên, đưa lên, cưỡi lên",Chỗ này nằm trên đoạn nằm ngang.,5,屋上(おくじょう); 上手(じょうず); 今上(きんじょう); 上座(かみざ); 面上(めんじょう); 啓上(けいじょう); 計上(けいじょう); 川上(かわかみ); 海上(かいじょう); 風上(かざかみ)
下,下,"HẠ, HÁ",カ; ゲ,した; しも; もと; さ-げる; くだ-る; くだ-す; くだ-さる; お-ろす; お-りる,"Phía dưới, bên dưới, hạ lệnh, ra khơi",Chỗ này phía dưới đoạn nằm ngang.,5,下剤(げざい); 地下(ちか); 廊下(ろうか); 下痢(げり); 下々(しもじも); 下手(したて); 下方(かほう); 下命(かめい); 下問(かもん); 下り(くだり)
中,口; 丨,"TRUNG, TRÚNG",チュウ; ジュウ,なか; うち; あた-る,"Giữa, ở trong, suốt",Chỗ này ở chính giữa hình tròn.,5,中年(ちゅうねん); 真中(まんなか); 中身(なかみ); 中止(ちゅうし); 胸中(きょうちゅう); 病中(びょうちゅう); 禁中(きんちゅう); 卒中(そっちゅう); 空中(くうちゅう); 喪中(もちゅう)
外,夕; 卜,NGOẠI,ガイ; ゲ,そと; ほか; はず-す; はず-れる; と,"Ngoài, bên ngoài, phía ngoài",Hãy hút thuốc ở bên ngoài!,5,外す(はずす); 例外(れいがい); 外国(がいこく); 海外(かいがい); 郊外(こうがい); 意外(いがい); 外敵(がいてき); 外的(がいてき); 外典(がいてん); 外転(がいてん)
右,口,HỮU,ウ; ユウ,みぎ,Bên phải,Tôi ăn bằng tay phải.,5,極右(きょくう); 左右(さゆう); 座右(ざゆう); 右腕(みぎうで); 右手(みぎて); 右側(みぎがわ); 右党(うとう); 右派(うは); 右辺(うへん); 右岸(うがん)
工,工,CÔNG,コウ; ク; グ,"","Người thợ, công việc",Đây là cái thước của thợ thủ công.,5,工員(こういん); 大工(だいく); 工場(こうじょう); 工事(こうじ); 工程(こうてい); 工法(こうほう); 工房(こうぼう); 金工(きんこう); 工務(こうむ); 工面(くめん)
左,工,"TẢ, TÁ",サ; シャ,ひだり,"Bên trái, trái",Tôi nắm cái thước bằng tay trái.,5,左官(さかん); 左記(さき); 極左(きょくさ); 左党(さとう); 左派(さは); 左右(さゆう); 左様(さよう); 左翼(さよく); 左岸(さがん); 左傾(さけい)
前,丷; 一; 月; 刂,TIỀN,ゼン,まえ,"Trước, trước đây, trước khi",Tôi chuẩn bị bữa tối trước khi trăng (月) xuất hiện.,5,前菜(ぜんさい); 名前(なまえ); 駅前(えきまえ); 昼前(ひるまえ); 空前(くうぜん); 前提(ぜんてい); 目前(もくぜん); 持前(もちまえ); 眼前(がんぜん); 気前(きまえ)
後,彳; 幺; 夂,"HẬU, HẤU",ゴ; コウ,のち; うし-ろ; うしろ; あと,"Sau, đằng sau",Tôi đang đị bộ ngược về phía sau con đường.,5,後見(こうけん); 最後(さいご); 後ろ(うしろ); 後篇(こうへん); 病後(びょうご); 後編(こうへん); 後方(こうほう); 後略(こうりゃく); 後列(こうれつ); 後胤(こういん)
午,午,NGỌ,ゴ,うま,"Giữa trưa, chi Ngọ",Chữ Hán này gồm mười (十) và hai (二). Mười hai (十二) giờ là giữa trưa.,5,正午(しょうご); 午後(ごご); 午餐(ごさん); 午睡(ごすい); 午前(ごぜん); 午砲(ごほう); 午后(ごご); 午刻(ごこく); 午年(うまどし); 端午(たんご)
門,門,MÔN,モン,かど; と,Cửa hai cánh,Đây là hình cánh cổng.,5,部門(ぶもん); 専門(せんもん); 自門(じもん); 禁門(きんもん); 海門(かいもん); 校門(こうもん); 肛門(こうもん); 閘門(こうもん); 軍門(ぐんもん); 関門(かんもん)
間,門; 日,GIAN,カン; ケン,あいだ; ま; あい,"Khoảng, ở giữa, bên trong (không gian)",Có thể nhìn thấy mặt trời (日) giữa những cánh cổng (門).,5,時間(じかん); 瞬間(しゅんかん); 夜間(やかん); 空間(くうかん); 昼間(ひるま); 間鴨(あいがも); 間着(あいぎ); 黄間(こうま); 合間(あいま); 区間(くかん)
東,東,ĐÔNG,トウ,ひがし,Phương đông,Mặt trời (日) mọc ở đằng Đông; Có thể thấy ánh nắng (日) hồng sau cây (木).,5,東口(ひがしぐち); 東京(とうきょう); 極東(きょくとう); 近東(きんとう); 東屋(あずまや); 関東(かんとう); 東南(とうなん); 東洋(とうよう); 江東(こうとう); 東風(こち)
西,一; 儿; 口,Á,セイ; サイ; ス,にし,"Che đậy, úp lên, phía tây",Một (一) trong 4 (四) hướng là hướng Tây.,5,西瓜(すいか); 関西(かんさい); 南西(なんせい); 西下(さいか); 西風(にしかぜ); 西側(にしがわ); 西日(にしび); 西国(さいごく); 西方(さいほう); 北西(ほくせい)
南,十; 冂; 丷; 干,NAM,ナン; ナ,みなみ,"Phía Nam, phương Nam, hướng Nam",Hai cây trong vườn đang lớn lên vươn về hướng Nam.,5,南瓜(かぼちゃ); 南極(なんきょく); 南米(なんべい); 東南(とうなん); 南緯(なんい); 南国(なんこく); 南西(なんせい); 南東(なんとう); 南北(なんぼく); 南洋(なんよう)
北,北,BẮC,ホク,きた,"Phương bắc, hướng Bắc, phía Bắc",Hai người đang ngồi đối lưng vào nhau bởi vì phương Bắc rất lạnh.,5,北極(ほっきょく); 極北(きょくほく); 華北(かほく); 北枕(きたまくら); 北方(ほっぽう); 南北(なんぼく); 敗北(はいぼく); 北緯(ほくい); 北上(ほくじょう); 北西(ほくせい)
田,田,ĐIỀN,デン,た,Ruộng,Đây là hình ảnh cánh đồng lúa.,5,田螺(たにし); 田中(たなか); 乾田(かんでん); 瓜田(かでん); 田植(たうえ); 田畑(たはた); 油田(ゆでん); 田園(でんえん); 田地(でんじ); 田夫(でんぷ)
力,力,LỰC,リョク; リキ; リイ,ちから,Sức mạnh,Người đàn ông cơ bắp này có sức lực.,5,水力(すいりょく); 火力(かりょく); 能力(のうりょく); 張力(ちょうりょく); 圧力(あつりょく); 強力(きょうりょく); 極力(きょくりょく); 速力(そくりょく); 気力(きりょく); 筋力(きんりょく)
男,田; 力,NAM,ダン; ナン,おとこ; お,"Nam giới, đàn ông",Người đàn ông có sức lực (力) đang làm việc trên đồng (田).,5,男性(だんせい); 長男(ちょうなん); 下男(げなん); 男系(だんけい); 男工(だんこう); 男子(だんし); 男児(だんじ); 男爵(だんしゃく); 男囚(だんしゅう); 男女(だんじょ)
女,女,NỮ,ジョ; ニョ; ニョウ,おんな; め,"Nữ giới, con gái, đàn bà",Đây là hình một người phụ nữ.,5,女王(じょおう); 皇女(こうじょ); 女性(じょせい); 狂女(きょうじょ); 下女(げじょ); 女優(じょゆう); 家女(かじょ); 貴女(きじょ); 京女(きょうおんな); 彼女(かのじょ)
子,子,TỬ,シ; ス; ツ,こ; ね,Con,Đây là hình một đứa trẻ con.,5,椅子(いす); 茄子(なす); 王子(おうじ); 撫子(なでしこ); 息子(むすこ); 継子(ままこ); 双子(ふたご); 獅子(しし); 子牛(こうし); 子犬(こいぬ)
学,⺍; 冖; 子,HỌC,ガク,まな-ぶ,Học hành,"Đứa trẻ  (子), đội nón rơm (⺍) đi học ở trường.",5,学院(がくいん); 大学(だいがく); 学位(がくい); 学生(がくせい); 学期(がっき); 哲学(てつがく); 視学(しがく); 数学(すうがく); 化学(かがく); 文学(ぶんがく)
生,生,SINH,セイ; ショウ,い-きる; い-かす; い-ける; うま-れる; うまれ; う-む; お-う; は-える; は-やす; なま; な-る; な-す; む-す,"Sinh đẻ, sinh sống",Thực vật được sinh ra từ trong đất (土).,5,生姜(しょうが); 先生(せんせい); 学生(がくせい); 生活(せいかつ); 生塵(なまごみ); 生徒(せいと); 共生(きょうせい); 教生(きょうせい); 偶生(ぐうせい); 群生(ぐんせい)
先,丿; 十; 一; 儿,"TIÊN, TIẾN",セン,さき; ま-ず,"Trước, đằng trước",Người đó đang chạy trước.,5,先生(せんせい); 先週(せんしゅう); 先月(せんげつ); 先ず(まず); 先に(さきに); 祖先(そせん); 口先(くちさき); 機先(きせん); 矢先(やさき); 優先(ゆうせん)
何,亻; 丁; 口,HÀ,カ,なに; なん,"Sao, gì, cái gì",Người ấy đang vận chuyển cái gì đó. “Đó là cái gì nhỉ?”; Hay: Con người (亻) luôn tự hỏi khả năng (可) của mình là cái gì (何).,5,幾何(きか); 何時(いつ); 如何(いかが); 何歳(なんさい); 何時(なんじ); 何か(なにか); 何卒(なにとぞ); 何者(なにもの); 何物(なにもの); 何回(なんかい)
父,八; 乂,PHỤ,フ,ちち,Cha,Bố tôi có bộ ria mép.; Hay: Cha là người có râu (八) và luôn đứng đằng sau (là nhân tố X) giúp con mình.,5,祖父(そふ); 養父(ようふ); 継父(けいふ); 岳父(がくふ); 父音(ふいん); 厳父(げんぷ); 義父(ぎふ); 家父(かふ); 代父(だいふ); 父兄(ふけい)
母,母,MẪU,ボ,はは; も,"Mẹ, người mẹ",Đây là hình ảnh một người mẹ.,5,祖母(そぼ); 母音(ぼいん); 雲母(きらら); 家母(かぼ); 空母(くうぼ); 繼母(けいぼ); 賢母(けんぼ); 酵母(こうぼ); 義母(ぎぼ); 国母(こくぼ)
年,年,NIÊN,ネン,とし,Năm,Thu hoạch lúa mất cả 1 năm.,5,半年(はんとし); 去年(きょねん); 来年(らいねん); 毎年(まいとし); 十年(とおねん); 百年(ひゃくねん); 青年(せいねん); 中年(ちゅうねん); 年齢(ねんれい); 凶年(きょうねん)
去,土; 厶,KHỨ,キョ; コ,さ-る,"Quá khứ, trôi qua",Tôi đã từng sống trong quá khứ bây giờ tôi ở trong đất (土) .; Hay: Chuyện quá khứ chỉ có thể chôn vùi dưới đất (土) và ngậm ngùi cho qua (ム giống mặt buồn).,5,去年(きょねん); 過去(かこ); 去就(きょしゅう); 去勢(きょせい); 去来(きょらい); 薨去(こうきょ); 撤去(てっきょ); 除去(じょきょ); 死去(しきょ); 去痰(きょたん)
毎,毋,MỖI,マイ,ごと; ごと-に,"Mỗi, hàng, thường xuyên",Mỗi người đều có một bà mẹ.; Hay: Mỗi ngày tôi phải đội nón (𠂉) ra đồng (毋 giống 田).,5,毎時(まいじ); 毎日(まいにち); 毎晩(まいばん); 毎週(まいしゅう); 毎月(まいげつ); 毎年(まいとし); 毎朝(まいあさ); 毎回(まいかい); 毎期(まいき); 毎号(まいごう)
王,王,"VƯƠNG, VƯỢNG",オウ,"", Vua chúa,Đức vua đang đứng.,5,王様(おうさま); 国王(こくおう); 王子(おうじ); 女王(じょおう); 花王(かおう); 法王(ほうおう); 大王(だいお); 魔王(まおう); 仁王(におう); 王者(おうじゃ)
国,囗; 王; 丶,QUỐC,コク,くに,"Đất nước, quốc gia, quê nhà","Đức vua (王) với viên ngọc quý đang trị vì đất nước.; Hay: Ở một nơi có vua 王, tay đeo nhẫn (dấu gạch ngay chữ vương) và bức tường bao quanh (口) là một đất nước 国.",5,国王(こくおう); 韓国(かんこく); 外国(がいこく); 国連(こくれん); 国歌(こっか); 国籍(こくせき); 挙国(きょこく); 祖国(そこく); 愛国(あいこく); 属国(ぞっこく)
見,見,KIẾN,ケン,み-る; み-える; み-せる,"Trông thấy, nhìn","Dùng chân (ル) đi ra ngoài, rồi dùng con mắt (目) để nhìn ngó xung quanh.",5,後見(こうけん); 見る(みる); 意見(いけん); 愚見(ぐけん); 味見(あじみ); 管見(かんけん); 見解(けんかい); 風見(かざみ); 見参(けんざん); 見識(けんしき)
行,彳; 一; 丁,HÀNH,コウ; ギョウ; アン,い-く; ゆ-く; おこな-う,"Đi, thi hành, làm được","Ở góc này, bạn hãy quyết định nơi đi.",5,行動(こうどう); 行く(いく); 行事(ぎょうじ); 行商(ぎょうしょう); 行状(ぎょうじょう); 行水(ぎょうずい); 行政(ぎょうせい); 行跡(ぎょうせき); 行年(ぎょうねん); 行列(ぎょうれつ)
米,米,MỄ,ベイ; マイ; メエトル,こめ; よね,Gạo,Đây là hình ảnh một bông lúa.,5,南米(なんべい); 屑米(くずまい); 供米(くまい); 回米(かいまい); 外米(がいまい); 蔵米(くらまい); 樅米(もみごめ); 餅米(もちごめ); 玄米(げんまい); 小米(こごめ)
来,来,"LAI, LÃI",ライ; タイ,く-る; きた-る; きた-す; き-たす; き-たる; き; こ,"Sự tới,đến",Tháng mười (十) đến rồi; Thu hoặc gạo (米) thôi.,5,来週(らいしゅう); 来年(らいねん); 来る(くる); 将来(しょうらい); 去来(きょらい); 近来(きんらい); 外来(がいらい); 光来(こうらい); 家来(けらい); 来す(きたす)
良,丨; 艮,LƯƠNG,リョウ,よ-い,Tốt đẹp,Ai cũng sẽ cảm thấy tốt lành khi cái dạ dày được lấp đầy.,5,善良(ぜんりょう); 良い(よい); 改良(かいりょう); 優良(ゆうりょう); 純良(じゅんりょう); 最良(さいりょう); 不良(ふりょう); 野良(のら); 良く(よく); 良心(りょうしん)
食,食,THỰC,ショク; ジキ,く-う; く-らう; た-べる; は-む,Ăn,Điều thú vị (良) tôi làm ở nhà chính là ăn.,5,食道(しょくどう); 日食(にっしょく); 月食(げっしょく); 食堂(しょくどう); 主食(しゅしょく); 定食(ていしょく); 食品(しょくひん); 和食(わしょく); 洋食(ようしょく); 食欲(しょくよく)
飲,食; 丿; 乛; 人,ẨM,イン; オン,の-む; の-み,"Đồ uống, uống",Hay: Khi ăn (食) thì không thể thiếu (欠) uống.,5,飲む(のむ); 愛飲(あいいん); 鯨飲(げいいん); 吸飲(きゅういん); 強飲(ごういん); 喫飲(きついん); 茶飲(ちゃのみ); 飲酒(いんしゅ); 飲食(いんしょく); 飲用(いんよう)
会,人; 一; 一; 厶,HỘI,カイ; エ,あ-う; あ-わせる; あつ-まる,"Tụ hội, gặp gỡ, cơ hội",Hai người (二) chúng ta sẽ gặp nhau trong nhà.;  ,5,会計(かいけい); 教会(きょうかい); 会長(かいちょう); 会期(かいき); 会話(かいわ); 会社(かいしゃ); 都会(とかい); 大会(たいかい); 社会(しゃかい); 会員(かいいん)
耳,耳,NHĨ,ジ,みみ,Cái tai,Đây là hình ảnh một cái tai.,5,木耳(きくらげ); 耳目(じもく); 牛耳(ぎゅうじ); 袋耳(ふくろみみ); 内耳(ないじ); 小耳(こみみ); 耳垢(みみあか); 耳朶(みみたぶ); 耳元(みみもと); 耳輪(みみわ)
聞,門; 耳,"VĂN, VẤN",ブン; モン,き-く; き-こえる," Nghe thấy, hỏi",Ai đó đang ghé tai (耳) ở cổng (門) để nghe.,5,新聞(しんぶん); 怪聞(かいぶん); 外聞(がいぶん); 開聞(かいもん); 聞く(きく); 聞道(きくならく); 見聞(けんぶん); 奇聞(きぶん); 記聞(きぶん); 旧聞(きゅうぶん)
言,言,NGÔN,ゲン; ゴン,い-う; こと,Nói,Tôi dùng miệng để nói điều gì tôi muốn.,5,言う(いう); 言葉(ことば); 言語(げんご); 虚言(きょげん); 評言(ひょうげん); 謹言(きんげん); 苦言(くげん); 換言(かんげん); 甘言(かんげん); 諫言(かんげん)
話,言; 千; 口,THOẠI,ワ,はな-す; はな,"Lời nói, cuộc trò chuyện",Người ta sử dụng hàng ngàn từ để nói chuyện.,5,電話(でんわ); 話す(はなす); 会話(かいわ); 昔話(むかしばなし); 寓話(ぐうわ); 秘話(ひわ); 哀話(あいわ); 講話(こうわ); 高話(こうわ); 訓話(くんわ)
立,立,LẬP,リツ; リュウ; リットル,た-つ; た-ち; た-てる; た-て; だ-てる; だ-て,"Đứng, thành lập",Đây là hình ảnh một người đang đứng.,5,立派(りっぱ); 立つ(たつ); 起立(きりつ); 開立(かいりつ); 確立(かくりつ); 官立(かんりつ); 県立(けんりつ); 存立(そんりつ); 公立(こうりつ); 矢立(やたて)
待,彳; 土; 寸,ĐÃI,タイ,ま-つ; ま-ち,"Đợi, tiếp đãi",Anh đang chờ em trên con đường phía trước ngôi đền.,5,待つ(まつ); 歓待(かんたい); 期待(きたい); 虐待(ぎゃくたい); 待遇(たいぐう); 優待(ゆうたい); 待ち(まち); 待合(まちあい); 招待(しょうたい); 接待(せったい)
周,土; 口,CHU,シュウ,まわ-り,"Vòng, xung quanh",Những gì bạn ăn đều trở về đất (土). Mọi thứ đều tuần hoàn theo chu kì.,5,周り(まわり); 周囲(しゅうい); 周辺(しゅうへん); 内周(ないしゅう); 周波(しゅうは); 周密(しゅうみつ); 周忌(しゅうき); 周期(しゅうき); 周年(しゅうねん); 周遊(しゅうゆう)
週,辶; 周,CHU,シュウ,"","Vòng khắp, tuần lễ",Để đi (辶) hết vòng quanh khu này (周) mất 1 tuần (週).,5,週末(しゅうまつ); 毎週(まいしゅう); 先週(せんしゅう); 来週(らいしゅう); 隔週(かくしゅう); 今週(こんしゅう); 週番(しゅうばん); 週報(しゅうほう); 週刊(しゅうかん); 週間(しゅうかん)
大,大,ĐẠI,ダイ; タイ,おお; おお-きい; おお-いに,To lớn,"Khi bạn dang rộng chân tay, trông bạn thật to lớn.",5,大蒜(にんにく); 大根(だいこん); 大麦(おおむぎ); 大腸(だいちょう); 大工(だいく); 大学(だいがく); 大蛇(だいじゃ); 大臣(だいじん); 大陸(たいりく); 大変(たいへん)
小,小,TIỂU,ショウ,ちい-さい; こ; お; さ,Nhỏ bé,"Khi bạn gập chân tay lại, trông bạn thật nhỏ bé.",5,小麦(こむぎ); 小腸(しょうちょう); 小舟(こぶね); 小島(こじま); 小説(しょうせつ); 狭小(きょうしょう); 極小(きょくしょう); 群小(ぐんしょう); 小豆(あずき); 過小(かしょう)
高,亠; 口; 冂; 口,CAO,コウ,たか-い; たか; だか; たか-まる; たか-める,"",Cái tháp cao được đặt trên nóc tòa nhà.,5,高い(たかい); 高専(こうせん); 高貴(こうき); 高原(こうげん); 高熱(こうねつ); 高文(こうぶん); 金高(きんだか); 高木(こうぼく); 高邁(こうまい); 高慢(こうまん)
安,宀; 女,"AN, YÊN",アン,やす-い; やす-まる; やす; や-らか,"Bình yên, sự yên ổn",Người phụ nữ cảm thấy an tâm khi ở trong nhà mình.,5,安い(やすい); 安全(あんぜん); 不安(ふあん); 慶安(けいあん); 格安(かくやす); 安値(やすね); 安物(やすもの); 安々(やすやす); 公安(こうあん); 硝安(しょうあん)
新,立; 木; 斤,TÂN,シン,あたら-しい; あら-た; あら; にい,"Mới, trong sạch","Để bắt đầu cái gì đó mới mẻ hãy đứng đó (立), dùng rìu (斤) chẻ cây (木) để mở lấy đường đi.",5,新聞(しんぶん); 革新(かくしん); 更新(こうしん); 刷新(さっしん); 新妻(にいづま); 新盆(にいぼん); 新枕(にいまくら); 斬新(ざんしん); 最新(さいしん); 新緑(しんりょく)
古,十; 口,CỔ,コ,ふる-い; ふる-す,"Cổ, xưa, cũ","Cùng một câu chuyện, nếu bạn nghe 10 (十) lần, nó sẽ trở thành chuyện cũ.",5,近古(きんこ); 稽古(けいこ); 古歌(こか); 古画(こが); 古格(こかく); 古学(こがく); 古訓(こくん); 古言(こげん); 古諺(こげん); 古語(こご)
元,一; 一; 儿,NGUYÊN,ゲン; ガン,もと,"Bắt đầu, nguồn gốc","Hai người (二) cùng chạy với nhau, chẳng mấy mạnh khỏe thêm mau ý mà.",5,元気(げんき); 地元(じもと); 窯元(かまもと); 蔵元(くらもと); 足元(あしもと); 元方(もとかた); 元金(もときん); 元肥(もとごえ); 元帳(もとちょう); 元手(もとで)
気,气; 㐅,KHÍ,キ; ケ,いき,"Không khí, khí chất; khí khái, khí phách","Nếu bạn thở quá mạnh, bạn có thể làm “khí chất” thoát ra ngoài.",5,気管(きかん); 病気(びょうき); 天気(てんき); 気候(きこう); 空気(くうき); 気質(きしつ); 内気(うちき); 勇気(ゆうき); 元気(げんき); 勝気(かちき)
多,夕; 夕,ĐA,タ,おお-い; まさ-に; まさ-る," Nhiều, thường xuyên ",Có nhiều chữ ta (多).,5,多分(たぶん); 多い(おおい); 過多(かた); 多価(たか); 多角(たかく); 多額(たがく); 多極(たきょく); 多彩(たさい); 多軸(たじく); 多少(たしょう)
少,小; 丿,"THIỂU, THIẾU",ショウ,すく-ない; すこ-し,"Ít, một chút",Nếu bạn cắt những vật nhỏ (小) bạn sẽ chỉ nhận rất ít.,5,僅少(きんしょう); 軽少(けいしょう); 減少(げんしょう); 寡少(かしょう); 希少(きしょう); 多少(たしょう); 年少(ねんしょう); 最少(さいしょう); 幼少(ようしょう); 少女(しょうじょ)
広,广; 厶,QUẢNG,コウ,ひろ-い; ひろ-まる; ひろ-める; ひろ-がる; ひろ-げる,Rộng lớn,Đây là nhà tớ. Rộng đúng không?,5,広く(ひろく); 広い(ひろい); 広報(こうほう); 広さ(ひろさ); 広庭(ひろにわ); 広場(ひろば); 広間(ひろま); 広野(こうや); 広量(こうりょう); 広陵(こうりょう)
早,日; 十,TẢO,ソウ; サッ,はや-い; はや; はや-まる; はや-める; さ,"Sớm, nhanh",Là quá sớm nếu bạn thức dậy lúc 10 giờ (十) vào chủ nhật (日).,5,早い(はやい); 早く(はやく); 足早(あしばや); 気早(きばや); 早速(さっそく); 早苗(さなえ); 早朝(そうちょう); 早期(そうき); 早計(そうけい); 早産(そうざん)
長,長,TRƯỜNG,チョウ,なが-い; おさ,Hình ảnh một người có mái tóc dài.,Hình ảnh một người có mái tóc dài.,5,長靴(ながぐつ); 婦長(ふちょう); 社長(しゃちょう); 部長(ぶちょう); 長い(ながい); 校長(こうちょう); 会長(かいちょう); 院長(いんちょう); 長髪(ちょうはつ); 長男(ちょうなん)
明,日; 月,MINH,メイ; ミョウ; ミン,あ-かり; あか-るい; あか-るむ; あか-らむ; あき-らか; あ-ける; あ-け; あ-く; あ-くる; あ-かす,"Sáng, ánh sáng",Nếu đặt mặt trời (日) và mặt trăng (月) cạnh nhau thì trời sẽ sáng hơn.,5,自明(じめい); 光明(こうみょう); 解明(かいめい); 開明(かいめい); 明日(あした); 月明(げつめい); 簡明(かんめい); 賢明(けんめい); 言明(げんめい); 公明(こうめい)
好,女; 子,HẢO,コウ,この-む; す-く; よ-い; い-い,"Yêu thích, thích",Người phụ nữ đó (女) thích trẻ con (子).,5,愛好(あいこう); 好例(こうれい); 格好(かっこう); 好意(こうい); 好演(こうえん); 好悪(こうお); 好学(こうがく); 好感(こうかん); 好漢(こうかん); 友好(ゆうこう)
友,又,HỮU,ユウ,とも,Bạn,Bạn bè cùng hỗ trợ mỗi đứa một tay.,5,親友(しんゆう); 友愛(ゆうあい); 会友(かいゆう); 学友(がくゆう); 交友(こうゆう); 校友(こうゆう); 旧友(きゅうゆう); 級友(きゅうゆう); 友誼(ゆうぎ); 友好(ゆうこう)
入,入,NHẬP,ニュウ; ジュ,い-る; い-れる; はい-る,Vào,Người đó đang vào trong lều.,5,入る(はいる); 入口(いりぐち); 収入(しゅうにゅう); 入館(にゅうかん); 介入(かいにゅう); 紙入(かみいれ); 口入(くちいれ); 封入(ふうにゅう); 記入(きにゅう); 投入(とうにゅう)
出,出,XUẤT,シュツ; スイ,で-る; だ-す; い-でる; い-だす,"Ra ngoài, mở ra",Cửa ra ở đây này.,5,出潮(でしお); 出す(だす); 出る(でる); 出口(でぐち); 続出(ぞくしゅつ); 拠出(きょしゅつ); 表出(ひょうしゅつ); 掲出(けいしゅつ); 傑出(けっしゅつ); 検出(けんしゅつ)
市,亠; 巾,THỊ,シ,いち, Chợ,Người ta thường đi chợ để mua sắm.,5,草市(くさいち); 闇市(やみいち); 都市(とし); 互市(ごし); 市営(しえい); 市価(しか); 市会(しかい); 市銀(しぎん); 市制(しせい); 市中(しちゅう)
町,田; 丁,ĐINH,チョウ,まち,"Thị trấn, con phố, ngôi làng",Có những con đường và cánh đồng (田) ở thị trấn này.,5,町筋(まちすじ); 町屋(まちや); 小町(こまち); 町家(ちょうか); 町村(ちょうそん); 町長(ちょうちょう); 町内(ちょうない); 町人(ちょうにん); 町民(ちょうみん); 町名(ちょうめい)
村,木; 寸,THÔN,ソン,むら,"Làng xóm, thôn làng","Hướng theo cây, sẽ có ngay ngôi làng.",5,漁村(ぎょそん); 農村(のうそん); 寒村(かんそん); 村長(そんちょう); 村民(そんみん); 村落(そんらく); 山村(さんそん); 町村(ちょうそん); 村脱(むらだつ); 村人(むらびと)
雨,雨,VŨ,ウ,あめ; あま; さめ,Mưa,Từ mây và những giọt mưa có thể tạo ra chữ Hán này.,5,霧雨(きりさめ); 晴雨(せいう); 雨天(うてん); 猛雨(もうう); 穀雨(こくう); 風雨(ふうう); 大雨(おおあめ); 降雨(こうう); 豪雨(ごうう); 糠雨(ぬかあめ)
電,雨; 日; 乚,ĐIỆN,デン,"","Chớp, điện",Trong cơn mưa (雨) chớp lóe sáng như vệt điện xuống đồng (田).,5,電話(でんわ); 電車(でんしゃ); 電波(でんぱ); 電卓(でんたく); 外電(がいでん); 強電(きょうでん); 空電(くうでん); 訓電(くんでん); 感電(かんでん); 電線(でんせん)
車,車,XA,シャ,くるま,Chiếc xe,Đây là hình ảnh chiếc xe.,5,汽車(きしゃ); 電車(でんしゃ); 馬車(ばしゃ); 愛車(あいしゃ); 空車(くうしゃ); 口車(くちぐるま); 車蝦(くるまえび); 車座(くるまざ); 足車(あしぐるま); 下車(げしゃ)
馬,馬,MÃ,バ,うま; ま,Con ngựa,Đây là hình ảnh một con ngựa.,5,馬車(ばしゃ); 河馬(かば); 子馬(こうま); 競馬(けいば); 海馬(かいば); 曲馬(きょくば); 青馬(あおうま); 軍馬(ぐんば); 木馬(もくば); 下馬(げば)
駅,馬; 尸; 乀,DỊCH,エキ,"","Ga, ga tàu","Nơi để ngựa (馬) có mái che (尺) là nhà ga (駅) (hồi xưa nhà ga là nơi để ngựa).; Hay: Ở ga, hành lí, ngựa (馬) được người mang theo.",5,駅伝(えきでん); 駅前(えきまえ); 着駅(ちゃくえき); 駅員(えきいん); 駅舎(えきしゃ); 駅手(えきしゅ); 駅長(えきちょう); 駅頭(えきとう); 駅弁(えきべん); 駅路(えきろ)
社,礻; 土,XÃ,シャ,やしろ,"Hội, đoàn thể, công ty",Người ta dâng lễ và cầu mong một vụ mùa bội thu ở đền thờ thần linh.,5,社長(しゃちょう); 会社(かいしゃ); 本社(ほんしゃ); 社会(しゃかい); 吟社(ぎんしゃ); 社員(しゃいん); 結社(けっしゃ); 貴社(きしゃ); 社用(しゃよう); 退社(たいしゃ)
校,木; 亠; 八; 乂,"GIÁO, HIỆU",コウ; キョウ,"","Trường học, dấu hiệu","Nơi có cây (木), có mái nhà (亠) và có người dạy như cha (父) là trường học (校).; Hay: Bố (父) đến trường đón tôi.",5,校長(こうちょう); 学校(がっこう); 校務(こうむ); 校門(こうもん); 下校(げこう); 校友(こうゆう); 校了(こうりょう); 腹校(ふくこう); 休校(きゅうこう); 校合(きょうごう)
店,广; 卜; 口,ĐIẾM,テン,みせ; たな,"Tiệm, cửa hàng, cửa hiệu","Ở trước cửa hàng, cà chua được xếp trên một cái bục.",5,店員(てんいん); 支店(してん); 開店(かいてん); 店舗(てんぽ); 同店(どうてん); 角店(かどみせ); 本店(ほんてん); 軒店(のきみせ); 売店(ばいてん); 閉店(へいてん)
銀,金; 艮,NGÂN,ギン,しろがね,Bạc,Bạc thì không tốt như vàng.,5,銀色(ぎんいろ); 銀河(ぎんが); 銀貨(ぎんか); 銀塊(ぎんかい); 銀側(ぎんがわ); 銀狐(ぎんぎつね); 金銀(きんぎん); 銀建(ぎんけん); 銀鮭(ぎんさけ); 銀光(ぎんこう)
病,疒; 一; 冂; 人,BỆNH,ビョウ; ヘイ,や-む; や-み; やまい,"Ốm, bệnh",Người ốm đang ngủ trong bệnh viện.,5,眼病(がんびょう); 病気(びょうき); 急病(きゅうびょう); 病因(びょういん); 病院(びょういん); 病原(びょうげん); 病後(びょうご); 病根(びょうこん); 病室(びょうしつ); 病舎(びょうしゃ)
院,阝; 宀; 一; 一; 儿,VIỆN,イン,"","Trụ sở, tòa nhà","Họ đã khỏe mạnh (元気), ra viện và trở về nhà.",5,学院(がくいん); 僧院(そういん); 院長(いんちょう); 病院(びょういん); 下院(かいん); 議院(ぎいん); 上院(じょういん); 二院(にいん); 参院(さんいん); 産院(さんいん)
休,亻; 木,HƯU,キュウ,やす-む; やす-まる; やす-める,"Nghỉ, nghỉ ngơi",Con người (人) dựa vào cây (木) để nghỉ ngơi (休).,5,休む(やすむ); 帰休(ききゅう); 休み(やすみ); 代休(だいきゅう); 休演(きゅうえん); 休暇(きゅうか); 休会(きゅうかい); 休学(きゅうがく); 休刊(きゅうかん); 休館(きゅうかん)
走,土; 龰,TẨU,ソウ,はし-る,"Đi, chạy",Tôi chạy ngay cả khi tôi bị bao phủ bởi đất cát (土).,5,走る(はしる); 競走(きょうそう); 継走(けいそう); 滑走(かっそう); 独走(どくそう); 好走(こうそう); 奔走(ほんそう); 脱走(だっそう); 遁走(とんそう); 馳走(ちそう)
起,土; 龰; 己,KHỞI,キ,お-きる; お-こる; お-こす; お-.す; た-つ,"Bắt đầu, thức dậy",Tôi sẽ chạy (走) vì tôi dậy muộn.,5,起立(きりつ); 喚起(かんき); 決起(けっき); 起案(きあん); 起因(きいん); 起居(ききょ); 起業(きぎょう); 起句(きく); 起結(きけつ); 起源(きげん)
貝,貝,BỐI,バイ,かい,Còn sò,Đây là hình ảnh của một vỏ ốc.,5,貝柱(かいばしら); 貝蓋(かいぶた); 貝類(かいるい); 青貝(あおがい); 烏貝(からすがい); 生貝(なまがい); 貝殻(かいがら); 貝塚(かいづか); 姥貝(うばがい); 霰貝(あられがい)
買,罒; 貝,MÃI,バイ,か-う,Mua,"Ngày xưa vỏ ốc (貝) mua đồ; Hóa đơn sử dụng, bây giờ tiện hơn.",5,買う(かう); 買値(かいね); 購買(こうばい); 仲買(なかがい); 故買(こばい); 売買(ばいばい); 買弁(ばいべん); 買付(かいつけ); 買手(かいて); 買収(ばいしゅう)
売,士; 冖; 儿,MẠI,バイ,うう-る; う-れる,"Thương mại, việc bán",Người này đang bán thứ gì đó.,5,売る(うる); 競売(きょうばい); 小売(こうり); 特売(とくばい); 多売(たばい); 公売(こうばい); 売品(ばいひん); 売朴(ばいぼく); 売名(ばいめい); 売約(ばいやく)
読,言; 士; 冖; 儿,ĐỘC,ドク; トク; トウ,よ-む,Đọc,Anh ta rao (言): “Hãy mua những cuốn sách được bán (売) chạy nhất này”.,5,読む(よむ); 会読(かいどく); 解読(かいどく); 回読(かいどく); 句読(くとう); 訓読(くんどく); 愛読(あいどく); 読点(とうてん); 読経(どきょう); 代読(だいどく)
書,肀; 一; 一; 日,THƯ,ショ,か-く; が-き; がき,"Sách, ghi chép, viết","Cầm cây bút này, tôi sẽ viết chữ Nhật.",5,秘書(ひしょ); 書留(かきとめ); 辞書(じしょ); 願書(がんしょ); 教書(きょうしょ); 漁書(ぎょしょ); 禁書(きんしょ); 愚書(ぐしょ); 群書(ぐんしょ); 軍書(ぐんしょ)
帰,彐; 冖; 巾,QUY,キ,かえ-る; かえ-す; おく-る; とつ-ぐ,"Quay lại, trở về",Chim én đang quay về tổ.,5,帰る(かえる); 帰す(かえす); 帰り(かえり); 帰一(きいつ); 帰依(きえ); 帰化(きか); 帰還(きかん); 帰館(きかん); 帰雁(きがん); 帰休(ききゅう)
勉,免; 力,MIỄN,ベン,つと-める,"Cố sức, cố gắng, siêng năng","Chàng trai này, đang cố gắng hết khả năng của mình.",5,勤勉(きんべん); 勉強(べんきょう); 勉学(べんがく); 黽勉(びんべん)
弓,弓,CUNG,キュウ,ゆみ, ,Đây là hình ảnh một cây cung.,5,胡弓(こきゅう); 大弓(だいきゅう); 弓形(きゅうけい); 弓術(きゅうじゅつ); 弓箭(きゅうせん); 弓道(きゅうどう); 強弓(ごうきゅう); 弓矢(ゆみや); 石弓(いしゆみ); 運弓(うんきゅう)
虫,虫,TRÙNG,チュウ; キ,むし,Sâu bọ,Đây là hình ảnh một con côn trùng.,5,虫薬(むしぐすり); 蟯虫(ぎょうちゅう); 昆虫(こんちゅう); 駆虫(くちゅう); 毛虫(けむし); 原虫(げんちゅう); 芽虫(がちゅう); 兜虫(かぶとむし); 毒虫(どくむし); 甲虫(こうちゅう)
強,弓; 厶; 虫,"CƯỜNG, CƯỠNG",キョウ; ゴウ,つよ-い; つよ-まる; つよ-める; し-いる; こわ-い,"Mạnh, cưỡng lại",Bọ cánh cứng (虫) và cây cung (弓) đếu rất khỏe.,5,強い(つよい); 強者(きょうしゃ); 強弱(きょうじゃく); 強襲(きょうしゅう); 強震(きょうしん); 強制(きょうせい); 強請(きょうせい); 強調(きょうちょう); 強敵(きょうてき); 強打(きょうだ)
持,扌; 土; 寸,TRÌ,ジ,も-つ; も-ち; も-てる,"Cầm, giữ, nắm",Tôi đi chùa (寺) với chuỗi tràng hạt mang theo.,5,持つ(もつ); 矜持(きょうじ); 物持(ものもち); 持場(もちば); 持分(もちぶん); 持前(もちまえ); 持物(もちもの); 加持(かじ); 堅持(けんじ); 鞄持(かばんもち)
名,夕; 口,DANH,メイ; ミョウ,な,"Tên, danh tiếng, nổi danh",Tên của nó là Taro (タロ).,5,名詞(めいし); 名前(なまえ); 有名(ゆうめい); 名誉(めいよ); 指名(しめい); 氏名(しめい); 嬌名(きょうめい); 虚名(きょめい); 御名(ぎょめい); 仮名(かめい)
語,言; 五; 口,NGỮ,ゴ,かた-る; かた-らう,"Ngôn ngữ, lời lẽ",Họ nói chuyện (言) bằng 5 (五) thứ tiếng.,5,単語(たんご); 主語(しゅご); 述語(じゅつご); 英語(えいご); 言語(げんご); 標語(ひょうご); 敬語(けいご); 語格(ごかく); 語幹(ごかん); 語句(ごく)
春,一; 一; 一; 人; 日,XUÂN,シュン,はる,Mùa xuân,Mùa xuân cũng đã đến rồi; Ba người cùng ngắm mặt trời với nhau.,5,猛春(もうしゅん); 春季(しゅんき); 春闘(しゅんとう); 今春(こんしゅん); 小春(こはる); 陽春(ようしゅん); 明春(みょうしゅん); 青春(せいしゅん); 初春(しょしゅん); 春節(しゅんせつ)
夏,一; 自; 夂,HẠ,カ; ガ; ゲ,なつ,Mùa hè,Mùa hè nóng quá nên một người đã gục xuống bóng râm.,5,夏芽(かが); 夏季(かき); 夏至(げし); 夏日(かじつ); 夏場(なつば); 夏物(なつもの); 真夏(まなつ); 中夏(ちゅうか); 初夏(しょか); 冷夏(れいか)
秋,禾; 火,THU,シュウ,あき; とき,Mùa thu,Khi thu đến cũng là lúc lúa chín. Sắc lá của lúa hóa sắc lửa (火).,5,今秋(こんしゅう); 麦秋(ばくしゅう); 中秋(ちゅうしゅう); 仲秋(ちゅうしゅう); 秋季(しゅうき); 秋蚕(しゅうさん); 初秋(しょしゅう); 秋風(あきかぜ); 秋草(あきくさ); 秋口(あきぐち)
冬,夂; 丶; 丶,ĐÔNG,トウ,ふゆ,Mùa đông,"Vào mùa đông, nếu bạn đi bộ trên băng sẽ rất trơn.",5,孟冬(もうとう); 厳冬(げんとう); 旧冬(きゅうとう); 冬眠(とうみん); 今冬(こんとう); 暖冬(だんとう); 真冬(まふゆ); 冬木(ふゆき); 冬着(ふゆちゃく); 冬服(ふゆふく)
朝,十; 日; 十; 月,"TRIÊU, TRIỀU",チョウ,あさ,"Sớm, sáng, buổi sáng, triều đại, Bắc Hàn ",Đó là một buổi sáng ngày 10 tháng 10 (十日十月).,5,朝鮮(ちょうせん); 今朝(けさ); 朝靄(あさもや); 朝湯(あさゆ); 朝夕(あさゆう); 朝臣(あそん); 元朝(げんちょう); 帰朝(きちょう); 毎朝(まいあさ); 明朝(みょうあさ)
昼,尸; 乀; 日; 一,TRÚ,チュウ,ひる,"Ban trưa, buổi trưa","Buổi trưa lúc mặt trời lên cao, tôi sẽ kéo rèm lên.",5,昼間(ひるま); 昼寝(ひるね); 昼前(ひるまえ); 昼飯(ひるめし); 真昼(まひる); 白昼(はくちゅう); 昼食(ちゅうしょく); 昼夜(ちゅうや); お昼(おひる); 御昼(おひる)
夕,夕,TỊCH,セキ,ゆう, ,"Vào chiều tối, bạn có thể nhìn thấy mặt trăng và những chú chim.",5,夕日(ゆうひ); 夕方(ゆうがた); 夕飯(ゆうはん); 朝夕(あさゆう); 夕風(ゆうかぜ); 夕刊(ゆうかん); 夕霧(ゆうぎり); 夕煙(ゆうけむり); 夕刻(ゆうこく); 夕食(ゆうしょく)
方,方,PHƯƠNG,ホウ,かた; がた,Phương hướng,Hãy đi theo phương của lá cờ.,5,夕方(ゆうがた); 方法(ほうほう); 貴方(あなた); 合方(あいかた); 相方(あいかた); 下方(かほう); 快方(かいほう); 開方(かいほう); 外方(がいほう); 元方(もとかた)
晩,日; 免,VÃN,バン,"","Tối, buổi tối",Trời đã tối rồi phải nhanh chóng trở về nhà thôi.,5,毎晩(まいばん); 二晩(ふたばん); 今晩(こんばん); 昨晩(さくばん); 明晩(みょうばん); 一晩(ひとばん); 晩婚(ばんこん); 早晩(そうばん); 朝晩(あさばん); 晩酌(ばんしゃく)
夜,亠; 亻,DẠ,ヤ,よ; よる,Ban đêm,Có người đội mũ đêm nay; Nhìn trăng rồi lại ngắm mây trên trời.,5,夜間(やかん); 夜半(やはん); 今夜(こんや); 深夜(しんや); 夜会(やかい); 夜学(やがく); 夜気(やき); 月夜(つきよ); 夜業(やぎょう); 夜勤(やきん)
心,心,TÂM,シン,こころ; ごころ,"Quả tim, tâm trí, tâm",Tim tôi đang rung lên.,5,心臓(しんぞう); 熱心(ねっしん); 関心(かんしん); 虚心(きょしん); 苦心(くしん); 徒心(あだごころ); 物心(ものごころ); 核心(かくしん); 隔心(かくしん); 感心(かんしん)
手,手,THỦ,シュ; ズ,て,Tay,Đây là hình bàn tay.,5,手帳(てちょう); 歌手(かしゅ); 空手(からて); 相手(あいて); 手紙(てがみ); 切手(きって); 上手(じょうず); 手袋(てぶくろ); 凶手(きょうしゅ); 下手(したて)
足,口; 龰,TÚC,ソク,あし; た-りる; た-る; た-す,"Chân, đầy đủ",Duỗi chân ra và chạy nào!!!,5,足場(あしば); 禁足(きんそく); 具足(ぐそく); 蛙足(かえるあし); 足跡(あしあと); 足裏(あしうら); 足音(あしおと); 足長(あしなが); 足肉(あしにく); 足早(あしばや)
体,亻; 木; 一,THỂ,タイ; テイ,からだ; かたち,"Thân mình, hình dạng, thể, dạng",Khi cơ thể bạn bị thương hãy băng lại và nghỉ ngơi (休).,5,体育(たいいく); 体操(たいそう); 導体(どうたい); 体質(たいしつ); 胴体(どうたい); 巨体(きょたい); 具体(ぐたい); 群体(ぐんたい); 面体(めんてい); 勿体(もったい)
首,丷; 一; 自,THỦ,シュ,くび,"Cái đầu, cái cổ",Đây là hình ảnh người có cái cổ dài.,5,首相(しゅしょう); 党首(とうしゅ); 頭首(とうしゅ); 手首(てくび); 匕首(あいくち); 鎌首(かまくび); 首枷(くびかせ); 首筋(くびすじ); 首巻(くびまき); 首輪(くびわ)
道,辶; 丷; 一; 自,"ĐẠO, ĐÁO",ドウ; トウ,みち,"Con đường, con phố",Cổ (首) dài anh ấy đang vươn; Như đợi ai đó trên đường sớm nay.,5,食道(しょくどう); 赤道(せきどう); 柔道(じゅうどう); 道具(どうぐ); 水道(すいどう); 剣道(けんどう); 海道(かいどう); 街道(かいどう); 魚道(ぎょどう); 軍道(ぐんどう)
山,山,SƠN,サン; セン,やま,Núi,Đây là hình ảnh một ngọn núi.,5,山羊(やぎ); 火山(かざん); 山地(さんち); 山腹(さんぷく); 登山(とざん); 仰山(ぎょうさん); 氷山(ひょうざん); 金山(きんざん); 黒山(くろやま); 下山(げさん)
川,川,XUYÊN,セン,かわ,Sông ngòi,Một dòng sông đang chảy.,5,谷川(たにがわ); 川口(かわぐち); 川魚(かわうお); 川風(かわかぜ); 川上(かわかみ); 川岸(かわぎし); 川下(かわしも); 川床(かわどこ); 川端(かわばた); 川面(かわも)
林,木; 木,LÂM,リン,はやし, Rừng,Hai cây (木) thành ngọn rừng thưa.,5,林檎(りんご); 密林(みつりん); 芸林(げいりん); 翰林(かんりん); 松林(まつばやし); 農林(のうりん); 梅林(ばいりん); 植林(しょくりん); 辞林(じりん); 森林(しんりん)
森,木; 木; 木,SÂM,シン,もり,Rừng rậm,Ba cây (木) thành cánh rừng xưa mất rồi. (Rừng xưa thì cây cối rất rậm rạp).,5,森番(もりばん); 森林(しんりん); 森閑(しんかん); 森々(しんしん); 森厳(しんげん); 森森(しんしん)
空,宀; 八; 工,KHÔNG,クウ,そら; あ-く; あ-き; あ-ける; から; す-く; す-かす; むな-しい,"Rỗng không, hư không, bầu trời","Mở cửa sổ ra, dùng thước chuẩn của thợ thủ công (工) để đo bầu trời.",5,空色(そらいろ); 空気(くうき); 寒空(さむぞら); 空間(くうかん); 空手(からて); 空く(すく); 空港(くうこう); 空想(くうそう); 空地(くうち); 空中(くうちゅう)
海,氵; 毎,HẢI,カイ,うみ,Biển,Ngày nào tôi cũng đi bơi ngoài biển.,5,海岸(かいがん); 海峡(かいきょう); 海外(かいがい); 海草(かいそう); 海道(かいどう); 海難(かいなん); 海馬(かいば); 海抜(かいばつ); 氷海(ひょうかい); 近海(きんかい)
化,亻; 匕,HÓA,カ; ケ,ば-ける; ば-かす; ふ-ける; け-する,"Sự biến hóa, thay đổi",Người kia hết đứng lại ngồi; Tư thế thay đổi rõ rồi thấy chưa?,5,化学(かがく); 文化(ぶんか); 化粧(けしょう); 珪化(けいか); 劇化(げきか); 激化(げきか); 感化(かんか); 化身(けしん); 風化(ふうか); 化合(かごう)
花,艹; 亻; 匕,HOA,カ; ケ,はな,"Hoa, bông hoa, đóa hoa",Ngọn cỏ thay đổi trở thành hoa.,5,花芽(かが); 花粉(かふん); 花束(はなたば); 花序(かじょ); 花王(かおう); 花火(はなび); 火花(ひばな); 百花(ひゃっか); 切花(きりばな); 花弁(かべん)
天,一; 大,THIÊN,テン,あまつ; あめ; あま,Bầu trời,Tôi đang danh rộng hai tay và nhìn lên trời.,5,天気(てんき); 暁天(ぎょうてん); 雨天(うてん); 天候(てんこう); 寒天(かんてん); 干天(かんてん); 好天(こうてん); 荒天(こうてん); 曇天(どんてん); 普天(ふてん)
赤,赤,XÍCH,セキ; シャク,あか; あか; あか-い; あか-らむ; あか-らめる,Đặt đất (土) trên lửa làm gì?,Đặt đất (土) trên lửa làm gì?; Để nung gạch đỏ chứ chi hỡi nàng.,5,赤道(せきどう); 赤い(あかい); 発赤(ほっせき); 日赤(にっせき); 赤銅(しゃくどう); 赤面(せきめん); 赤字(あかじ); 赤熱(せきねつ); 赤痢(せきり); 赤鬼(あかおに)
青,龶; 月,THANH,セイ; ショウ,あお; あお; あお-い,Màu xanh,Trên trời có ánh trăng thanh; Dưới đất cũng ngọn cỏ xanh đây rồi.,5,青い(あおい); 青年(せいねん); 青々(あおあお); 青馬(あおうま); 青梅(あおうめ); 青貝(あおがい); 青木(あおき); 群青(ぐんじょう); 紺青(こんじょう); 青春(せいしゅん)
白,白,BẠCH,ハク; ビャク,しろ; しら; しろ-い,Màu trắng,Tôi có một tòa nhà màu trắng.,5,白鳥(はくちょう); 白い(しろい); 漂白(ひょうはく); 空白(くうはく); 黒白(くろしろ); 敬白(けいはく); 潔白(けっぱく); 建白(けんぱく); 独白(どくはく); 告白(こくはく)
黒,甲; 一; 一; 灬,HẮC,コク,くろ; くろ-ずむ; くろ-い,Màu đen,Đốt đồng (田) thì đất (土) chả đen.,5,黒服(くろふく); 黒板(こくばん); 黒い(くろい); 黒髪(くろかみ); 黒熊(くろくま); 黒字(くろじ); 黒地(くろじ); 黒白(くろしろ); 黒枠(くろわく); 黒鯛(くろだい)
色,巴,SẮC,ショク; シキ,いろ,"Màu, màu sắc",Đây là hình ảnh vòng xoáy với 2 màu.,5,黄色(きいろ); 灰色(はいいろ); 桃色(ももいろ); 褐色(かっしょく); 空色(そらいろ); 銀色(ぎんいろ); 紫色(むらさきいろ); 音色(ねいろ); 景色(けしき); 色々(いろいろ)
魚,⺈; 田; 灬,NGƯ,ギョ,うお; さかな; ざかな,Con cá,Con cá bơi (ヶ) trên ruộng (田) bằng 4 vây (灬).,5,魚学(ぎょがく); 魚眼(ぎょがん); 魚群(ぎょぐん); 魚影(ぎょえい); 魚介(ぎょかい); 魚肉(ぎょにく); 魚餌(ぎょじ); 魚肥(ぎょひ); 魚粉(ぎょふん); 魚食(ぎょしょく)
犬,犬,KHUYỂN,ケン,いぬ,Con chó,Con chó lúc nào cũng liếm tay ông chủ lớn (大),5,子犬(こいぬ); 愛犬(あいけん); 猛犬(もうけん); 犬猿(けんえん); 犬歯(けんし); 野犬(やけん); 山犬(やまいぬ); 狂犬(きょうけん); 駄犬(だけん); 畜犬(ちくけん)
料,米; 斗,LIỆU,リョウ,"","Vật liệu, đo đạc",Tôi đong lượng gạo (米) và các vật liệu khác bằng một cái cân.,5,塗料(とりょう); 料理(りょうり); 資料(しりょう); 給料(きゅうりょう); 無料(むりょう); 原料(げんりょう); 材料(ざいりょう); 香料(こうりょう); 科料(かりょう); 顔料(がんりょう)
理,王; 甲; 一; 一,LÍ,リ,ことわり,"Lý luận, nguyên lý","Đức vua (王) suy nghĩ rất hợp lý, ngài tạo ra những cánh đồng (田).",5,物理(ぶつり); 地理(ちり); 料理(りょうり); 理由(りゆう); 理論(りろん); 経理(けいり); 教理(きょうり); 肌理(きり); 義理(ぎり); 空理(くうり)
反,厂; 又,PHẢN,ハン; ホン; タン; ホ,そ-る; そ-らす; かえ-す; かえ-る,"Phản đối, trả lại",Tôi phản đối!!!,5,反対(はんたい); 回反(かいはん); 外反(がいはん); 減反(げんたん); 反る(そる); 反吐(へど); 反故(ほうぐ); 反復(はんぷく); 違反(いはん); 反則(はんそく)
飯,食; 厂; 又,"PHẠN, PHÃN",ハン,めし,Cơm,Mọi người phản đối (反) thói quen ăn (食) quá nhiều cơm của tôi.,5,ご飯(ごはん); 夕飯(ゆうはん); 昼飯(ひるめし); 牛飯(きゅうめし); 御飯(ごはん); 残飯(ざんぱん); 強飯(こわめし); 噴飯(ふんぱん); 飯粒(めしつぶ); 飯屋(めしや)
牛,牛,NGƯU,ギュウ,うし,Trâu,Đây là hình ảnh con bò chỉ có 1 sừng.,5,牛肉(ぎゅうにく); 水牛(すいぎゅう); 子牛(こうし); 牛丼(ぎゅうどん); 蝸牛(かたつむり); 牛車(ぎっしゃ); 牛疫(ぎゅうえき); 牛脂(ぎゅうし); 牛耳(ぎゅうじ); 牛舎(ぎゅうしゃ)
豚,月; 豕,"ĐỒN, ĐỘN",トン,ぶた,"Con heo, con lợn",Con lợn đang ngắm trăng (月) .,5,河豚(ふぐ); 豚家(とんけ); 豚舎(とんしゃ); 豚肉(ぶたにく); 養豚(ようとん); 塩豚(しおぶた); 海豚(いるか); 豚箱(ぶたばこ); 豚骨(とんこつ); 豚児(とんじ)
鳥,鳥,ĐIỂU,チョウ,とり,Đây là hình ảnh một con chim.,Đây là hình ảnh một con chim.,5,鵞鳥(がちょう); 白鳥(はくちょう); 魚鳥(ぎょちょう); 禁鳥(きんちょう); 愛鳥(あいちょう); 雌鳥(めんどり); 花鳥(かちょう); 窮鳥(きゅうちょう); 国鳥(こくちょう); 黒鳥(こくちょう)
肉,肉,NHỤC,ニク,しし,Thịt,Đây là hình ảnh một miếng thịt.,5,牛肉(ぎゅうにく); 鶏肉(けいにく); 皮肉(ひにく); 魚肉(ぎょにく); 筋肉(きんにく); 鯨肉(くじらにく); 足肉(あしにく); 血肉(けつにく); 焼肉(やきにく); 凍肉(とうにく)
茶,艹; 人; 朩,TRÀ,チャ; サ,"",Cây chè (trà),Hai người đang uống trà.,5,お茶(おちゃ); 茶碗(ちゃわん); 喫茶(きっさ); 濃茶(こいちゃ); 紅茶(こうちゃ); 茶道(さどう); 茶話(さわ); 抹茶(まっちゃ); 茶菓(さか); 棒茶(ぼうちゃ)
予,龴; 乛; 亅,DỰ,ヨ; シャ,あらかじ-め,Dự định,Người mẹ (マザー) thu xếp (アレンジ) mọi thứ trước để có thể trông đứa trẻ.,5,予約(よやく); 予て(かねて); 予価(よか); 予科(よか); 予覚(よかく); 予感(よかん); 予期(よき); 予言(よげん); 予行(よこう); 予告(よこく)
野,甲; 一; 一; 龴; 乛; 亅,DÃ,ヤ; ショ,の,"Đồng bằng, hoang dã",Trước khi cấy hái thì cần đi thăm đồng.,5,野菜(やさい); 野茨(のいばら); 野原(のはら); 平野(へいや); 野球(やきゅう); 野蛮(やばん); 視野(しや); 粗野(そや); 外野(がいや); 広野(こうや)
菜,艹; 爫; 木,THÁI,サイ,な,Rau,Tôi đang đi thu lượm rau từ cỏ và cây (木).,5,野菜(やさい); 前菜(ぜんさい); 蔬菜(そさい); 菜種(なたね); 菜園(さいえん); 菜館(さいかん); 菜食(さいしょく); 白菜(はくさい); 菜箸(さいばし); 甜菜(てんさい)
切,七; 刀,"THIẾT, THẾ",セツ; サイ,き-る; き-り; ぎ-り,"Cắt, sắc bén",Bảy (七) võ sĩ Samurai đều dùng kiếm Katana (刀) để cắt.,5,親切(しんせつ); 切る(きる); 切手(きって); 切符(きっぷ); 大切(たいせつ); 切妻(きりずま); 切花(きりばな); 切干(きりぼし); 切れ(きれ); 切地(きれじ)
作,亻; 乍,TÁC,サク; サ,つく-る; つく-り; づく-り,"Làm, tạo nên",Người này đang cầm lưỡi cưa để làm ra cái gì đó.,5,作る(つくる); 作文(さくぶん); 操作(そうさ); 作品(さくひん); 作曲(さっきょく); 凶作(きょうさく); 句作(くさく); 愚作(ぐさく); 贋作(がんさく); 傑作(けっさく)
未,一; 木,"VỊ, MÙI",ミ; ビ,いま-だ; ま-だ; ひつじ,"Chưa, Mùi (con giáp thứ 8)",Cái cây (木) này vẫn chưa lớn.; Hoặc: Chúng ta có thể liên tưởng tới một cái cây chưa thực sự phát triển hết. Một nét ngắn ở phía cành trên để chỉ nhánh mới đang hình thành.,5,未だ(まだ); 水未(かこ); 未着(みちゃく); 未開(みかい); 未済(みさい); 未婚(みこん); 未収(みしゅう); 未熟(みじゅく); 未然(みぜん); 未知(みち)
味,口; 一; 木,VỊ,ミ,あじ; あじ-わう,"Mùi, hương vị",Tôi không biết đây là vị gì nữa; Vị từ trước đến giờ tôi chưa từng ăn.,5,意味(いみ); 興味(きょうみ); 趣味(しゅみ); 香味(こうみ); 加味(かみ); 快味(かいみ); 味な(あじな); 味見(あじみ); 辛味(からみ); 甘味(かんみ)
音,立; 日,ÂM,オン; イン; ノン,おと; ね,"Âm thanh, tiếng",Mặt trời (日) đã mọc lên cao; Âm thanh người đứng (立) lao xao trên đồi.,5,福音(ふくいん); 音楽(おんがく); 音色(ねいろ); 音調(おんちょう); 発音(はつおん); 母音(ぼいん); 子音(しいん); 騒音(そうおん); 足音(あしおと); 物音(ものおと)
楽,白; 木,"LẠC, NHẠC",ガク; ラク; ゴウ,たの-しい; たの-しむ; この-む,"Lạc thú, âm nhạc, thoải mái, dễ chịu ",Trống trắng (白) đặt ở trên cây (木); Cầm dùi ta đánh vui thay hỡi người.,5,楽士(がくし); 音楽(おんがく); 楽団(がくだん); 楽観(らっかん); 享楽(きょうらく); 気楽(きらく); 哀楽(あいらく); 苦楽(くらく); 快楽(かいらく); 行楽(こうらく)
歌,丁; 口; 丁; 口; 丿; 乛; 人,CA,カ,うた; うた-う,"Bài hát, hát","Mọi người (人) đang hát, miệng (口) mở thật to.",5,歌手(かしゅ); 歌詞(かし); 歌う(うたう); 国歌(こっか); 漁歌(ぎょか); 哀歌(あいか); 歌謡(かよう); 歌会(かかい); 軍歌(ぐんか); 歌学(かがく)
自,自,TỰ,ジ; シ,みずか-ら; おの-ずから; おの-ずと,"Tự mình, chính mình","Ở Nhật, chỉ ngón tay vào mũi có nghĩa là biểu thị bản thân mình.",5,自然(しぜん); 自信(じしん); 自負(じふ); 自明(じめい); 自滅(じめつ); 自問(じもん); 自門(じもん); 自棄(やけ); 独自(どくじ); 自用(じよう)
転,車; 一; 一; 厶,CHUYỂN,テン,ころ-がる; ころ-げる; ころ-がす; ころ-ぶ; まろ-ぶ; うたた; うつ-る; くる-めく,"Chuyển động, quay vòng",Tôi ngã lăn ra từ xe (車).,5,運転(うんてん); 回転(かいてん); 外転(がいてん); 空転(くうてん); 機転(きてん); 逆転(ぎゃくてん); 動転(どうてん); 急転(きゅうてん); 公転(こうてん); 好転(こうてん)
乗,乗,THỪA,ジョウ; ショウ,の-る; の-せる,Lên xe,Tôi đang đứng (立) ở trên cây (木); Nỗ lực đoạt chiếc cành này cho tôi.,5,乗る(のる); 便乗(びんじょう); 警乗(けいじょう); 下乗(げじょう); 騎乗(きじょう); 大乗(だいじょう); 乗員(じょういん); 乗駕(じょうが); 乗客(じょうきゃく); 二乗(にじょう)
写,冖; 与,TẢ,シャ; ジャ,うつ-す; うつ-る; うつ; うつ-し,"Ảnh, bức ảnh",Đây là tấm ảnh người đàn ông đội mũ.,5,写真(しゃしん); 描写(びょうしゃ); 模写(もしゃ); 複写(ふくしゃ); 誤写(ごしゃ); 実写(じっしゃ); 転写(てんしゃ); 謄写(とうしゃ); 写実(しゃじつ); 写生(しゃせい)
真,十; 目; 一; 八,CHÂN,シン,ま; ま-; まこと,Chân thực,Tivi chiếu ra những hình ảnh chân thực.,5,真剣(しんけん); 写真(しゃしん); 真中(まんなか); 真実(しんじつ); 真上(まうえ); 真鯉(まごい); 真心(まごころ); 純真(じゅんしん); 真に(まことに); 真下(ました)
台,厶; 口,ĐÀI,ダイ; タイ,うてな; われ; つかさ,"Khung, bệ, đếm số lượng may móc",Tôi đang ở trên cái bệ.,5,台所(だいどころ); 台風(たいふう); 台輪(だいりん); 鏡台(きょうだい); 賢台(けんだい); 見台(けんだい); 架台(かだい); 花台(かだい); 台石(だいいし); 灯台(とうだい)
英,艹; 央,ANH,エイ,はなぶさ,"Tinh anh, anh hùng, nước Anh",Anh hùng ở giữa (央) bức hình; Sinh ra từ sự chuyển mình cỏ cây.,5,英語(えいご); 英雄(えいゆう); 独英(どくえい); 在英(ざいえい); 駐英(ちゅうえい); 石英(せきえい); 英印(えいいん); 英貨(えいか); 英学(えいがく); 英気(えいき)
映,日; 央,ÁNH,エイ,うつ-る; うつ-す; は-える; ば-え,Chiếu sáng,"",5,映画(えいが); 上映(じょうえい); 映像(えいぞう); 映写(えいしゃ); 映射(えいしゃ); 映倫(えいりん); 映す(うつす); 映り(うつり); 映る(うつる); 反映(はんえい)
画,一; 田; 凵,HỌA,ガ; カク; エ; カイ,えが-く; かく-する; かぎ-る; はかりごと; はか-る,"Vẽ, bức tranh",Tôi đang vẽ một bức tranh cánh đồng (田) trên tấm vải.,5,画家(がか); 絵画(かいが); 漫画(まんが); 壁画(へきが); 画像(がぞう); 画廊(がろう); 映画(えいが); 画報(がほう); 画法(がほう); 画房(がほう)
羊,羊,DƯƠNG,ヨウ,ひつじ,Con dê,Đây là hình ảnh một con cừu.,5,羚羊(かもしか); 山羊(やぎ); 子羊(こひつじ); 綿羊(めんよう); 牛羊(ぎゅうよう); 羊水(ようすい); 羊肉(ようにく); 羊毛(ようもう); 小羊(こひつじ); 群羊(ぐんよう)
洋,氵; 羊,DƯƠNG,ヨウ,"","Ngoại quốc, phương Tây",Đến Nhật cừu (羊) vượt đại dương.,5,洋服(ようふく); 洋食(ようしょく); 海洋(かいよう); 外洋(がいよう); 東洋(とうよう); 南洋(なんよう); 洋画(ようが); 洋学(ようがく); 洋楽(ようがく); 洋傘(ようがさ)
服,月; 卩; 又,PHỤC,フク,"","Quần áo, trang phục",Dưới ánh trăng (月) tôi treo quần áo.,5,黒服(くろふく); 洋服(ようふく); 和服(わふく); 克服(こくふく); 被服(ひふく); 微服(びふく); 美服(びふく); 屈服(くっぷく); 軍服(ぐんぷく); 敬服(けいふく)
着,丷; 一; 丨; 一; 一; 丿; 目,TRƯỚC,チャク; ジャク,き-る; ぎ; き-せる; き-せ; つ-く; つ-ける,"Đến nơi, mặc (quần áo)",Thấy 1 con cừu (羊) mặc áo len.,5,産着(うぶぎ); 着く(つく); 着る(きる); 着物(きもの); 着色(ちゃくしょく); 撞着(どうちゃく); 着類(きるい); 間着(あいぎ); 愛着(あいちゃく); 巾着(きんちゃく)
家,宀; 豕,"GIA, CÔ",カ; ケ,いえ; や; うち, Ngôi nhà,"",5,画家(がか); 家畜(かちく); 家禽(かきん); 家族(かぞく); 家賃(やちん); 家具(かぐ); 家庭(かてい); 漁家(ぎょか); 家母(かぼ); 家宝(かほう)
矢,矢,THỈ,シ,や,"Cây tên, mũi tên",Đây là hình ảnh một mũi tên.,5,矢印(やじるし); 矢倉(やぐら); 矢車(やぐるま); 矢先(やさき); 矢立(やたて); 矢場(やば); 矢筈(やはず); 矢文(やぶみ); 矢来(やらい); 毒矢(どくや)
族,方; 矢,TỘC,ゾク,"","Thân thuộc, dòng dõi",Mũi tên (矢) bảo vệ người đi; Gia tộc cùng với quốc kì trên tay,5,家族(かぞく); 民族(みんぞく); 同族(どうぞく); 魚族(ぎょぞく); 亜族(あぞく); 血族(けつぞく); 貴族(きぞく); 種族(しゅぞく); 皇族(こうぞく); 豪族(ごうぞく)
親,立; 木; 見,THÂN,シン,おや; した-しい; した-しむ,"Người thân, cha mẹ, bố mẹ, song thân","Người cha đang đứng (立) trên cây (木); Mắt (見) trông con nhỏ, ngày ngày dõi theo",5,親友(しんゆう); 両親(りょうしん); 親類(しんるい); 親戚(しんせき); 親切(しんせつ); 近親(きんしん); 片親(かたおや); 二親(ふたおや); 里親(さとおや); 肉親(にくしん)
兄,口; 儿,HUYNH,ケイ; キョウ,あに,"Anh trai, anh lớn",Anh trai tôi có cái miệng (口) rất to.,5,実兄(じっけい); 兄嫁(あによめ); 兄事(けいじ); 兄弟(きょうだい); 家兄(かけい); 賢兄(けんけい); 貴兄(きけい); 義兄(ぎけい); 学兄(がっけい); 父兄(ふけい)
姉,女; 一; 巾,TỈ,シ,あね,Chị gái,"Tôi có bà (女) chị sống trong đô thị (市).; Hay: Trong gia đình, chị gái là người có nhiệm vụ đi chợ (巾) mua đồ.",5,姉妹(しまい); 姉婿(あねむこ); 義姉(ぎし); 従姉(じゅうし); 姉貴(あねき); 姉御(あねご); 姉鶴(あねはづる); 兄姉(きょうだい); 兄姉(けいし); 貴姉(きし)
弟,八; 弓; 丨; 丿,ĐỆ,テイ; ダイ; デ,おとうと, Em trai,Em trai tôi đang chơi với cái cung (弓).,5,実弟(じってい); 兄弟(きょうだい); 賢弟(けんてい); 義弟(ぎてい); 高弟(こうてい); 末弟(まってい); 弟妹(ていまい); 弟子(でし); 子弟(してい); 師弟(してい)
妹,女; 一; 木,MUỘI,マイ,いもうと,Em gái,"Cô gái này (女) và cái cây đều chưa (未) lớn, tức là cô ấy là em.",5,実妹(じつまい); 姉妹(しまい); 義妹(ぎまい); 弟妹(ていまい); 従妹(じゅうまい); 妹背(いもせ); 兄妹(きょうだい); 兄妹(けいまい); 吾妹(わぎも); 令妹(れいまい)
私,禾; 厶,TƯ,シ,わたくし; わたし,"Riêng tư, cá nhân",Đây là lúa do tôi trồng.,5,公私(こうし); 私用(しよう); 滅私(めっし); 私案(しあん); 私意(しい); 私学(しがく); 私刑(しけい); 私見(しけん); 私語(しご); 私事(しじ)
夫,一; 一; 人,PHU,フ; フウ; ブ,おっと; それ,"Đàn ông, chồng",Tôi luôn ở với chồng tôi; Dù sướng hay khổ hai người (二人) có nhau.,5,丈夫(じょうぶ); 漁夫(ぎょふ); 軍夫(ぐんぷ); 夫子(ふうし); 夫婦(ふうふ); 夫々(それぞれ); 妓夫(ぎふ); 火夫(かふ); 夫権(ふけん); 夫妻(ふさい)
妻,一; 彐; 丨; 女,THÊ,サイ,つま,"Vợ, phu nhân",Người phụ nữ (女) cầm chổi. Chính là vợ của tôi.,5,稲妻(いなずま); 切妻(きりずま); 愛妻(あいさい); 愚妻(ぐさい); 荊妻(けいさい); 継妻(けいさい); 夫妻(ふさい); 後妻(ごさい); 本妻(ほんさい); 権妻(ごんさい)
主,丶; 王,"CHỦ, CHÚA",シュ; ス; シュウ,ぬし; おも; あるじ,"Chủ, người chủ",Vua (王) là người (人) chủ duy nhất (丶).,5,主食(しゅしょく); 主語(しゅご); 主題(しゅだい); 主役(しゅやく); 民主(みんしゅ); 教主(きょうしゅ); 金主(きんしゅ); 君主(くんしゅ); 願主(がんしゅ); 神主(かんぬし)
住,亻; 丶; 王,"TRỤ, TRÚ",ジュウ; ヂュウ; チュウ,す-む; す-まう; ず-まい,"Ở, trú, cư ngụ","",5,住む(すむ); 住所(じゅうしょ); 居住(きょじゅう); 現住(げんじゅう); 住居(じゅうきょ); 在住(ざいじゅう); 住民(じゅうみん); 常住(じょうじゅう); 転住(てんじゅう); 住持(じゅうじ)
糸,糸,MỊCH,シ,いと,Sợi tơ nhỏ,Đây là hình ảnh một cuộn chỉ.,5,毛糸(けいと); 金糸(きんいと); 菌糸(きんし); 釜糸(かまいと); 屑糸(くずいと); 繰糸(くりいと); 綿糸(めんし); 生糸(きいと); 絹糸(けんし); 繭糸(けんし)
氏,氏,THỊ,シ,うじ; -うじ,Họ,Trên bảng có viết tên.,5,氏名(しめい); 彼氏(かれし); 摂氏(せっし); 氏神(うじがみ); 氏子(うじこ); 氏族(しぞく); 両氏(りょうし); 某氏(ぼうし); 同氏(どうし); セ氏(セし)
紙,糸; 氏,CHỈ,シ,かみ,"Giấy, báo",Trên giấy hãy viết họ tên (氏); Rồi dùng sợi chỉ (糸) mà xuyên qua này.,5,壁紙(かべがみ); 手紙(てがみ); 用紙(ようし); 紙面(しめん); 表紙(ひょうし); 紙入(かみいれ); 紙屑(かみくず); 紙子(かみこ); 紙鑢(かみやすり); 罫紙(けいし)
教,耂; 子; 攵,"GIÁO, GIAO",キョウ,おし-える; お-.わる,"Dạy dỗ, chỉ dẫn",Người già thì dạy trẻ con (子).,5,教師(きょうし); 教授(きょうじゅ); 教育(きょういく); 宗教(しゅうきょう); 儒教(じゅきょう); 仏教(ぶっきょう); 司教(しきょう); 説教(せっきょう); 教義(きょうぎ); 教会(きょうかい)
室,宀; 一; 厶; 土,THẤT,シツ,むろ,"Phòng, gian phòng",Tôi ở trong phòng vào thứ bảy (土).,5,寝室(しんしつ); 和室(わしつ); 教室(きょうしつ); 居室(きょしつ); 病室(びょうしつ); 継室(けいしつ); 画室(がしつ); 客室(きゃくしつ); 後室(こうしつ); 皇室(こうしつ)
羽,羽,VŨ,ウ,は; わ; はね,Lông vũ,Đây là hình ảnh đôi cánh.,5,葢羽(かいば); 毛羽(けば); 合羽(かっぱ); 羽口(はぐち); 後羽(あとばね); 羽弁(うべん); 羽化(うか); 羽核(うかく); 羽冠(うかん); 羽幹(うかん)
習,羽; 白,TẬP,シュウ; ジュ,なら-う; なら-い,"Học hành, luyện tập",Đàn chim đang vỗ cánh (羽) trên ngôi nhà trắng (白) để học bay.; Hay: Phải học tập thì mới vẫy đôi cánh (羽) màu trắng (白) trên trời được.,5,習う(ならう); 練習(れんしゅう); 習慣(しゅうかん); 俗習(ぞくしゅう); 教習(きょうしゅう); 近習(きんじゅう); 学習(がくしゅう); 慣習(かんしゅう); 風習(ふうしゅう); 奇習(きしゅう)
漢,氵; 艹; 口; 一; 一; 人,HÁN,カン,"","Hán, Trung Hoa",Nhìn kìa ông chồng (夫) Trung Hoa; Trên đầu đội cỏ vượt qua sông hồ.,5,巨漢(きょかん); 漢学(かんがく); 漢語(かんご); 漢詩(かんし); 漢字(かんじ); 漢書(かんしょ); 漢籍(かんせき); 漢文(かんぶん); 漢方(かんぽう); 漢和(かんわ)
字,宀; 子,TỰ,ジ,あざ; あざな; な,"Chữ, ký tự",Đứa trẻ (子) học chữ ở trong nhà.,5,文字(もじ); 金字(きんじ); 黒字(くろじ); 漢字(かんじ); 欠字(けつじ); 検字(けんじ); 現字(げんじ); 小字(こあざ); 大字(だいじ); 活字(かつじ)
式,弋; 工,THỨC,シキ,"","Buổi lễ, kiểu, phương thức",Đây là lễ kết hôn của tôi.,5,式典(しきてん); 儀式(ぎしき); 葬式(そうしき); 挙式(きょしき); 軍式(ぐんしき); 形式(けいしき); 格式(かくしき); 旧式(きゅうしき); 複式(ふくしき); 株式(かぶしき)
試,言; 弋; 工,THÍ,シ,こころ-みる; ため-す,"Thử nghiệm, thi",Tại lễ kết hôn (式):; “Con sẽ yêu anh ấy suốt đời chứ?”; Tôi nói (言):; “Con sẽ thử”,5,試験(しけん); 試合(しあい); 試問(しもん); 試す(ためす); 考試(こうし); 試用(しよう); 試案(しあん); 試金(しきん); 試行(しこう); 試作(しさく)
験,馬; 人; 一; 口; 人,NGHIỆM,ケン; ゲン,あかし; しるし; ため-す; ためし,"Thí nghiệm, kinh nghiệm","Trước khi người ta (人) leo núi, cần kiểm tra ngựa (馬).",5,試験(しけん); 経験(けいけん); 実験(じっけん); 体験(たいけん); 効験(こうけん); 受験(じゅけん); 験算(けんざん); 霊験(れいけん); 霊験(れいげん); 治験(ちけん)
宿,宀; 亻; 一; 白,"TÚC, TÚ",シュク,やど; やど-る; やど-す,"Đỗ, nghỉ lại qua đêm",Quán trọ này có thể chứa được cả trăm (百) người.,5,民宿(みんしゅく); 宿題(しゅくだい); 相宿(あいやど); 下宿(げしゅく); 寄宿(きしゅく); 宿営(しゅくえい); 宿帳(やどちょう); 宿す(やどす); 宿賃(やどちん); 宿主(やどぬし)
題,日; 一; 龰; 頁,ĐỀ,ダイ,"","Vấn đề, chủ đề",Phóng viên đang tìm kiếm một đề tài có sử dụng đầu (頭) và chân (足).,5,問題(もんだい); 主題(しゅだい); 宿題(しゅくだい); 表題(ひょうだい); 句題(くだい); 外題(げだい); 歌題(かだい); 課題(かだい); 画題(がだい); 季題(きだい)
文,亠; 乂,VĂN,ブン; モン,ふみ; あや,"Văn vẻ, văn chương, vẻ sáng",Hoa văn trên chiếc bình cổ đã trở thành chữ viết.,5,文学(ぶんがく); 文型(ぶんけい); 例文(れいぶん); 文法(ぶんぽう); 文句(もんく); 作文(さくぶん); 文化(ぶんか); 論文(ろんぶん); 文字(もじ); 構文(こうぶん)
英,艹; 央,ANH,エイ,はなぶさ,"Tinh anh, anh hùng, nước Anh",Anh hùng ở giữa (央) bức hình; Sinh ra từ sự chuyển mình cỏ cây.,5,英語(えいご); 英雄(えいゆう); 独英(どくえい); 在英(ざいえい); 駐英(ちゅうえい); 石英(せきえい); 英印(えいいん); 英貨(えいか); 英学(えいがく); 英気(えいき)
質,斤; 斤; 貝,CHẤT,シツ; シチ; チ,たち; ただ-す; もと; わりふ,"Thể chất, tư chất",Ốc (貝) to bổ với hai rìu; Muốn biết chất lượng phải điều tra xem.,5,気質(きしつ); 質問(しつもん); 体質(たいしつ); 質屋(しちや); 均質(きんしつ); 素質(そしつ); 品質(ひんしつ); 形質(けいしつ); 角質(かくしつ); 言質(げんしつ)
問,門; 口,VẤN,モン,と-う; と-い; とん," Hỏi, tra xét, hỏi thăm",Muốn giỏi thì hỏi ở cổng (門).,5,問題(もんだい); 質問(しつもん); 問い(とい); 試問(しもん); 諮問(しもん); 自問(じもん); 下問(かもん); 愚問(ぐもん); 学問(がくもん); 検問(けんもん)
説,言; 丷; 口; 儿,"THUYẾT, DUYỆT",セツ; ゼイ,と-く,"Nói, giải thích",Anh trai (兄) tôi đang thuyết minh.,5,説教(せっきょう); 定説(ていせつ); 小説(しょうせつ); 俗説(ぞくせつ); 虚説(きょせつ); 評説(ひょうせつ); 空説(くうせつ); 口説(くぜつ); 愚説(ぐせつ); 妄説(もうせつ)
遠,辶; 袁,VIỄN,エン; オン,とお-い,Xa xôi,Vào thứ bảy (土) tôi đi chơi xa.,5,遠い(とおい); 久遠(くおん); 敬遠(けいえん); 広遠(こうえん); 高遠(こうえん); 深遠(しんえん); 遠方(えんぽう); 遠浅(とおあさ); 疎遠(そえん); 永遠(えいえん)
近,辶; 斤,CẬN,キン; コン,ちか-い,"Gần, ở sát bên",Chặt cây bằng một cái rìu; Đến gần mục đích là điều tất nhiên.,5,近い(ちかい); 最近(さいきん); 近所(きんじょ); 近因(きんいん); 近影(きんえい); 近詠(きんえい); 近火(きんか); 近海(きんかい); 近刊(きんかん); 近眼(きんがん)
者,耂; 日,GIẢ,シャ,もの,"Người, kẻ",Mặt trời (日) cũng có lúc tà; Người nào cũng phải có già có đau.,5,医者(いしゃ); 患者(かんじゃ); 著者(ちょしゃ); 記者(きしゃ); 訳者(やくしゃ); 信者(しんじゃ); 強者(きょうしゃ); 業者(ぎょうしゃ); 馭者(ぎょしゃ); 評者(ひょうしゃ)
暑,日; 耂; 日,THỬ,ショ,あつ-い,"Nắng, nóng",Dưới ánh mặt trời (日) thì người (者) cũng nóng.,5,暑い(あつい); 猛暑(もうしょ); 激暑(げきしょ); 酷暑(こくしょ); 極暑(ごくしょう); 向暑(こうしょ); 残暑(ざんしょ); 暑熱(しょねつ); 暑さ(あつさ); 炎暑(えんしょ)
寒,宀; 一; 一; 丿; 丨; 一; 八; 丶; 丶,HÀN,カン,さむ-い," Rét, lạnh",Ngày lạnh đến nhà bạn chơi; Vết chân để lại khắp trời tuyết hoa.,5,寒空(さむぞら); 寒帯(かんたい); 寒い(さむい); 寒害(かんがい); 寒気(かんき); 寒肥(かんごえ); 寒剤(かんざい); 寒色(かんしょく); 寒村(かんそん); 寒暖(かんだん)
重,重,"TRỌNG, TRÙNG",ジュウ; チョウ,え; おも-い; おも-り; おも-なう; かさ-ねる; かさ-なる; おも,"Nặng, cân nặng",Nghìn (千) quyển sách thì nặng đấy.,5,重い(おもい); 二重(にじゅう); 三重(みえ); 口重(くちおも); 軽重(けいじゅう); 八重(やえ); 重ね(かさね); 気重(きおも); 厳重(げんじゅう); 加重(かじゅう)
軽,車; 又; 土,KHINH,ケイ,かる-い; かろ-やか; かろ-んじる,"Nhẹ, xem nhẹ",Xe (車) nhẹ nếu đẩy bằng tay; Thì cũng có thể chạy ngay dễ dàng.,5,軽い(かるい); 軽蔑(けいべつ); 口軽(くちがる); 軽快(けいかい); 軽易(けいい); 軽挙(けいきょ); 軽軽(けいけい); 軽減(けいげん); 軽視(けいし); 軽重(けいじゅう)
低,亻; 氏; 一,ĐÊ,テイ,ひく-い; ひく-める; ひく-まる,Thấp,Tại sao gạch dưới tên (氏) em; “Vì điểm số thấp tôi xem thế nào”,5,低潮(ていちょう); 高低(こうてい); 最低(さいてい); 低圧(ていあつ); 低温(ていおん); 低下(ていか); 低額(ていがく); 低級(ていきゅう); 低空(ていくう); 低湿(ていしつ)
弱,弓; 冫; 弓; 冫,NHƯỢC,ジャク,よわ-い; よわ-る; よわ-まる; よわ-める,"Yếu ớt, nhu nhược",Những chú chim non yếu ớt.,5,弱い(よわい); 強弱(きょうじゃく); 虚弱(きょじゃく); 気弱(きよわ); 足弱(あしよわ); 腰弱(こしよわ); 柔弱(にゅうじゃく); 薄弱(はくじゃく); 幼弱(ようじゃく); 色弱(しきじゃく)
悪,一; 口; 丨; 丨; 一; 心,ÁC,アク; オ,わる.い; わる-; あ.し; にく.い; -にく.い; ああ; いずくに; いずくんぞ; にく.む,"Sự xấu, không tốt",Hai người họ có cảm giác xấu về nhau.,5,毒悪(どくあく); 悪い(わるい); 悪意(あくい); 悪夢(あくむ); 邪悪(じゃあく); 奸悪(かんあく); 険悪(けんあく); 嫌悪(けんお); 大悪(だいあく); 旧悪(きゅうあく)
暗,日; 立; 日,ÁM,アン,くら-い,"Tối tăm, bóng tối",Khi ở trong bóng tối; Chỉ nghe thấy tiếng (音) thôi.,5,暗い(くらい); 暗闇(くらやみ); 溶暗(ようあん); 明暗(めいあん); 暗算(あんざん); 暗雲(あんうん); 暗影(あんえい); 暗記(あんき); 暗渠(あんきょ); 暗愚(あんぐ)
太,大; 丶,THÁI,タイ,ふと-い; ふと-る,"Béo, dày",Khúc gỗ lớn quá!,5,太陽(たいよう); 太い(ふとい); 太鼓(たいこ); 太糸(ふといと); 太織(ふとおり); 太く(ふとく); 太さ(ふとさ); 太綱(ふとづな); 太腿(ふともも); 先太(さきぶと)
豆,豆,ĐẬU,トウ; ズ,まめ; まめ,"Hạt đậu, cây đậu",Đây là đồ đựng đã được bỏ đậu vào.,5,黒豆(くろまめ); 小豆(あずき); 空豆(そらまめ); 豆乳(とうにゅう); 豆腐(とうふ); 大豆(だいず); 莢豆(さやまめ); 鉈豆(なたまめ); 納豆(なっとう); 扁豆(へんとう)
短,矢; 豆,ĐOẢN,タン,みじか-い,Ngắn,Cả mũi tên (矢) và đậu (豆) đều ngắn.,5,短い(みじかい); 短絡(たんらく); 気短(きみじかい); 短期(たんき); 短気(たんき); 短縮(たんしゅく); 短所(たんしょ); 短慮(たんりょ); 短艇(たんてい); 短波(たんば)
光,丨; 丷; 一; 儿,QUANG,コウ,ひか-る; ひかり,Ánh sáng,Đây là hình ảnh tia sáng mặt trời.,5,日光(にっこう); 月光(げっこう); 光芒(こうぼう); 旭光(きょっこう); 極光(きょっこう); 銀光(ぎんこう); 光明(こうみょう); 光来(こうらい); 蛍光(けいこう); 螢光(けいこう)
風,几; 丿; 虫,PHONG,フウ; フ,かぜ; かざ-; -かぜ,Côn trùng (虫) tránh gió bằng cái lá nhỏ.,Côn trùng (虫) tránh gió bằng cái lá nhỏ.,5,疾風(しっぷう); 台風(たいふう); 通風(つうふう); 美風(びふう); 強風(きょうふう); 矯風(きょうふう); 海風(かいふう); 微風(そよかぜ); 具風(ぐふう); 薫風(くんぷう)
運,辶; 冖; 車,VẬN,ウン,はこ-ぶ,"Vận may, chuyển động",Chiếc xe (車) đang vận chuyển tấm nệm.,5,運ぶ(はこぶ); 運転(うんてん); 幸運(こううん); 籤運(くじうん); 家運(かうん); 機運(きうん); 気運(きうん); 不運(ふうん); 頽運(たいうん); 逆運(ぎゃくうん)
動,重; 力,ĐỘNG,ドウ,うご-く; うご-かす,"Động đậy, cử động, hoạt động",Sức lực (力) mà tác dụng vào; Dù nặng (重) đến mấy sách nào chả lay.,5,動物(どうぶつ); 行動(こうどう); 変動(へんどう); 動く(うごく); 動詞(どうし); 活動(かつどう); 単動(たんどう); 感動(かんどう); 動態(どうたい); 挙動(きょどう)
止,止,CHỈ,シ,と-まる; と-める; さ-す; とど-まる; とど-める; や-む; や-める; よ-す,Dừng lại,"Đèn đỏ, dừng lại!",5,禁止(きんし); 中止(ちゅうし); 阻止(そし); 黙止(もくし); 諌止(かんし); 休止(きゅうし); 止む(やむ); 閉止(へいし); 停止(ていし); 笑止(しょうし)
歩,止; 小; 丿,BỘ,ホ; ブ; フ,あるく; あゆ-む,"Đi bộ, bước",Dừng (止) lại chút (少); Rồi tiếp tục dạo bước.,5,歩く(あるく); 競歩(きょうほ); 巨歩(きょほ); 徒歩(とほ); 闊歩(かっぽ); 歩行(ほこう); 歩測(ほそく); 歩調(ほちょう); 歩度(ほど); 歩道(ほどう)
使,亻; 一; 口; 丿; 乀,"SỬ, SỨ",シ,つか-う; つか-い; つか-い; づか-い,"Sử dụng, dùng",Ông ấy biết dùng người,5,使う(つかう); 使役(しえき); 使命(しめい); 軍使(ぐんし); 酷使(こくし); 官使(かんり); 急使(きゅうし); 大使(たいし); 副使(ふくし); 特使(とくし)
送,辶; 丷; 一; 大,TỐNG,ソウ,おく-る,"Gửi, đưa đi, tiễn",Người tất bật (关) đi lại (辶) để gửi quà.,5,送る(おくる); 現送(げんそう); 逆送(ぎゃくそう); 急送(きゅうそう); 託送(たくそう); 郵送(ゆうそう); 後送(こうそう); 誤送(ごそう); 油送(ゆそう); 輸送(ゆそう)
洗,氵; 丿; 十; 一; 儿,"TIỂN, TẨY",セン,あら-う,"Giặt, rửa",Thầy giáo (先生) đang đi rửa tay.,5,洗礼(せんれい); 洗う(あらう); 洗剤(せんざい); 水洗(すいせん); 洗顔(せんがん); 洗練(せんれん); 洗濯(せんたく); 洗面(せんめん); 洗い(あらい); 洗熊(あらいぐま)
急,⺈; 彐; 心,CẤP,キュウ,いそ-ぐ; いそ-ぎ,"Vội vàng, nóng ruột, sốt ruột",Nếu nhanh lên thì sẽ ổn thôi.,5,急に(きゅうに); 急ぐ(いそぐ); 急病(きゅうびょう); 緊急(きんきゅう); 火急(かきゅう); 危急(ききゅう); 不急(ふきゅう); 急患(きゅうかん); 救急(きゅうきゅう); 急遽(きゅうきょ)
開,門; 一; 一; 丿; 丨,KHAI,カイ,ひら-く; ひら-き; -びら.き; ひら-ける; あ-く; あ-ける,"Mở, tổ chức, khai mạc",Hai người đang mở cồng (門).,5,開く(あく); 開展(かいてん); 開店(かいてん); 開度(かいど); 開発(かいはつ); 開版(かいはん); 開扉(かいひ); 開披(かいひ); 開闢(かいびゃく); 開票(かいひょう)
閉,門; 才,BẾ,ヘイ,と-じる; と-ざす; し-める; し-まる; た-てる,"Đóng lại, bế mạc",Người này đang đóng cổng (門).,5,開閉(かいへい); 幽閉(ゆうへい); 閉院(へいいん); 閉会(へいかい); 閉業(へいぎょう); 閉口(へいこう); 閉鎖(へいさ); 閉止(へいし); 閉場(へいじょう); 閉店(へいてん)
押,扌; 甲,ÁP,オウ,お-す; お-さえる; お-し; お-つ,"Ấn, đẩy",Thử đẩy cái biển báo xem sao.,5,押す(おす); 花押(かおう); 押印(おういん); 押収(おうしゅう); 押捺(おうなつ); 押韻(おういん); 押売(おしうり); 押入(おしいれ); 押え(おさえ); 押し(おし)
引,弓; 丨,DẪN,イン,ひ-く; ひ-き; ひ-ける,"Kéo dài, rút ra",Đây là cái cung (弓) và sợi dây. Kéo căng một phần của của sợi dây.,5,引く(ひく); 索引(さくいん); 股引(ももひき); 牽引(けんいん); 吸引(きゅういん); 勾引(こういん); 強引(ごういん); 福引(ふくびき); 取引(とりひき); 字引(じびき)
思,田; 心,"TƯ, TỨ",シ,おも-う; おもえら-く; おぼ-す,"Nghĩ ngợi, suy nghĩ","Trên cánh đồng (田), tôi đang nghĩ về người tôi yêu bằng cả trái tim (心).; Hay: Người nông dân trong tim 心 luôn lo nghĩ cho ruộng đồng 田 là suy nghĩ 思",5,思う(おもう); 思案(しあん); 思惟(しい); 思考(しこう); 思索(しさく); 沈思(ちんし); 思想(しそう); 思慮(しりょ); 意思(いし); 思い(おもい)
知,矢; 口,"TRI, TRÍ",チ,し-る; し-らせる,"Biết, hiểu biết",Người có miệng (大口) lớn thì cái gì cũng biết.,5,知る(しる); 知識(ちしき); 感知(かんち); 奸知(かんち); 既知(きち); 機知(きち); 旧知(きゅうち); 告知(こくち); 大知(だいち); 公知(こうち)
考,耂; 丂,KHẢO,コウ,かんが-える,"Suy nghĩ, xem xét",Tôi đang nghĩ tại sao người ta lại già đi (老).,5,考慮(こうりょ); 愚考(ぐこう); 考え(かんがえ); 勘考(かんこう); 考案(こうあん); 考課(こうか); 考究(こうきゅう); 考察(こうさつ); 考査(こうさ); 考試(こうし)
死,一; 夕; 匕,TỬ,シ,し-ぬ; しに-,"Chết chóc, mất",“Ở đây có tiểu thuyết “Chết ở Tahichi (タヒチ) không?”. “Không có”,5,死ぬ(しぬ); 死滅(しめつ); 刑死(けいし); 決死(けっし); 仮死(かし); 餓死(がし); 検死(けんし); 客死(きゃくし); 急死(きゅうし); 九死(きゅうし)
医,匸; 矢,Y,イ,い-やす; い-する; くすし,"Y học, y tế, bác sĩ","Bệnh nhân bị mũi tên (矢) đâm, nên bác sĩ phải trị cầm máu ngay.; Hay: Bệnh nhân 矢 nằm trên giường 匚 phó mặc cho bác sĩ.",4,医者(いしゃ); 軍医(ぐんい); 校医(こうい); 女医(じょい); 獣医(じゅうい); 医師(いし); 医療(いりょう); 医学(いがく); 医術(いじゅつ); 医書(いしょ)
始,女; 厶; 口,THỦY,シ,はじ-める; はじ-まる,"Bắt đầu, mở đầu",Bắt đầu phát biểu trên đài (台); Có cô con gái (女) miệt mài lắng nghe.,4,始め(はじめ); 原始(げんし); 年始(ねんし); 始業(しぎょう); 始終(しじゅう); 終始(しゅうし); 創始(そうし); 始点(してん); 始動(しどう); 更始(こうし)
終,糸; 夂; 丶; 丶,CHUNG,シュウ,お-わる; お-わる; おわ-る; お-える; つい; つい-に,"Chấm dứt, kết thúc","Mối quan hệ của chúng tôi tiếp tục kéo dài như sợi chỉ (糸) vậy, nhưng nó đã kết thúc vào mùa đông (冬).",4,有終(ゆうしゅう); 最終(さいしゅう); 終発(しゅうはつ); 始終(しじゅう); 終演(しゅうえん); 終業(しゅうぎょう); 終局(しゅうきょく); 終極(しゅうきょく); 終止(しゅうし); 終日(しゅうじつ)
石,一; 丿; 口,THẠCH,セキ; シャク; コク,いし,Đá,Đây là hình dạng vách đá và hòn đá.,4,石炭(せきたん); 石油(せきゆ); 石鹸(せっけん); 隕石(いんせき); 玉石(ぎょくせき); 珪石(けいせき); 軽石(かるいし); 結石(けっせき); 岩石(がんせき); 菊石(きくいし)
研,一; 丿; 口; 一; 一; 丿; 丨,NGHIÊN,ケン,と-ぐ,"Nghiên cứu, tìm tòi",Tôi ngồi trên bục và mài đá (石).,4,研究(けんきゅう); 研鑽(けんさん); 研磨(けんま); 薬研(やげん); 研ぐ(とぐ); 研修(けんしゅう); 研学(けんがく); 研削(けんさく); 研ぎ(とぎ); 研摩(けんま)
究,宀; 八; 九,CỨU,キュウ; ク,きわ-める,"Nghiên cứu, học tập",Tôi nghiên cứu tại nhà đã được 9 (九) năm rồi.,4,研究(けんきゅう); 究境(きゅうきょう); 学究(がっきゅう); 究明(きゅうめい); 考究(こうきゅう); 講究(こうきゅう); 探究(たんきゅう); 追究(ついきゅう); 討究(とうきゅう); 究極(きゅうきょく)
留,刀; 田,LƯU,リュウ; ル,と-める; と-まる; とど-める; とど-まる; るうぶる,"Lưu lại, giữ lại ","Trên cánh đồng (田), tôi cắt lúa bằng dao (刀).",4,書留(かきとめ); 留守(るす); 居留(きょりゅう); 寄留(きりゅう); 係留(けいりゅう); 乾留(かんりゅう); 拘留(こうりゅう); 逗留(とうりゅう); 保留(ほりゅう); 留革(とめかわ)
有,月,"HỮU, DỰU",ユウ; ウ,あ-る,"Có, sở hữu, tồn tại, xảy ra","Mặt trăng (月) thì có, nhưng không thể chạm vào được.",4,有名(ゆうめい); 有無(うむ); 共有(きょうゆう); 具有(ぐゆう); 公有(こうゆう); 稀有(けう); 官有(かんゆう); 現有(げんゆう); 有意(ゆうい); 有為(ゆうい)
産,亠; 丷; 厂; 生,SẢN,サン,う-む; う-まれる; む-す,"Sản vật, sản phẩm, vật phẩm",Tôi đang sản xuất rau ở vườn.,4,産着(うぶぎ); 遺産(いさん); 共産(きょうさん); 国産(こくさん); 月産(げっさん); 家産(かさん); 減産(げんさん); 逆産(ぎゃくざん); 有産(ゆうさん); 特産(とくさん)
業,业; 丷; 一; 一; 木,NGHIỆP,ギョウ; ゴウ,わざ,"Nghề nghiệp, sự nghiệp",Tôi nuôi cừu (羊) trong tường vây. Đó là cả sự nghiệp của tôi đấy.,4,授業(じゅぎょう); 農業(のうぎょう); 漁業(ぎょぎょう); 営業(えいぎょう); 鉱業(こうぎょう); 業務(ぎょうむ); 業者(ぎょうしゃ); 業種(ぎょうしゅ); 職業(しょくぎょう); 業績(ぎょうせき)
薬,艹; 楽,DƯỢC,ヤク,くすり,Thuốc,Khi uống thảo dược này vào; Vui vẻ (楽) khỏe mạnh bệnh nào cũng tan.,4,水薬(みずぐすり); 粉薬(こなぐすり); 媚薬(びやく); 麻薬(まやく); 虫薬(むしぐすり); 丸薬(がんやく); 咳薬(せきぐすり); 薬缶(やかん); お薬(おくすり); 合薬(あいぐすり)
働,亻; 重; 力,ĐỘNG,ドウ; リュク; リキ; ロク; リョク,はたら-く,Làm việc,Người ta sẽ cử động (動) khi lao động.,4,働く(はたらく); 労働(ろうどう); 稼働(かどう); 複働(ふくどう); 協働(きょうどう); 共働(きょうどう); 働き(はたらき); 実働(じつどう)
員,口; 貝,"VIÊN, VÂN",イン,"","Nhân viên, thành viên, người","Khi trả tiền, bạn nhận được một thẻ hội viên.",4,工員(こういん); 店員(てんいん); 党員(とういん); 会員(かいいん); 係員(かかりいん); 局員(きょくいん); 金員(きんいん); 社員(しゃいん); 課員(かいん); 各員(かくいん)
士,士,SĨ,シ,さむらい,Kẻ sĩ,Mười một (十一) võ sĩ Samurai.,4,博士(はくし); 楽士(がくし); 修士(しゅうし); 下士(かし); 剣士(けんし); 騎士(きし); 義士(ぎし); 徒士(かち); 国士(こくし); 勇士(ゆうし)
仕,亻; 士,SĨ,シ; ジ,つか-える,"Việc làm, hành động, hành vi",Các võ sĩ (士) Samurai phụng sự cho lãnh chúa.,4,給仕(きゅうじ); 仕事(しごと); 仲仕(なかし); 奉仕(ほうし); 仕訳(しわけ); 仕業(しわざ); 仕手(して); 仕舞(しまい); 仕様(しよう); 歴仕(れきし)
事,一; 口; 彐; 亅,SỰ,ジ; ズ,こと; つか-う; つか-える," Việc, công việc, chức vụ",Tôi viết ra toàn bộ việc cần làm.,4,執事(しつじ); 火事(かじ); 事故(じこ); 返事(へんじ); 事件(じけん); 仕事(しごと); 人事(じんじ); 工事(こうじ); 凶事(きょうじ); 行事(ぎょうじ)
図,囗; 丶; 丶; 㐅,ĐỒ,ズ; ト,え; はか-る,"Bản đồ, bức vẽ",Đây là bức tranh ai đó đã vẽ. Trông giống (ツ) và (メ).,4,地図(ちず); 図面(ずめん); 合図(あいず); 愚図(ぐず); 系図(けいず); 風図(ふうず); 原図(げんず); 企図(きと); 雄図(ゆうと); 図書(としょ)
官,宀; 㠯,QUAN,カン,"",Chức quan,Một quan chức đang ở trong nhà.,4,次官(じかん); 左官(さかん); 免官(めんかん); 警官(けいかん); 官位(かんい); 官印(かんいん); 官営(かんえい); 官界(かんかい); 官学(かんがく); 感官(かんかん)
館,食; 宀; 㠯,QUÁN,カン,やかた; たて,Quán trọ,"Ở tòa nhà này, các quan (官) đang ăn (食) cơm.",4,入館(にゅうかん); 旅館(りょかん); 館長(かんちょう); 館内(かんない); 帰館(きかん); 休館(きゅうかん); 旧館(きゅうかん); 学館(がっかん); 公館(こうかん); 本館(ほんかん)
昔,一; 丨; 丨; 一; 日,TÍCH,セキ; シャク,むかし," Xưa, trước",21 ngày (日) trước đã trở nên xưa rồi.,4,昔話(むかしばなし); 今昔(こんじゃく); 昔人(むかしびと); 昔風(むかしふう); 往昔(おうせき); 昔昔(むかしむかし); 大昔(おおむかし); 一昔(ひとむかし); 古昔(こせき); 昔々(むかしむかし)
借,亻; 一; 丨; 丨; 一; 日,TÁ,シャク,か-りる,"Vay, mượn","Ngày xưa (昔), tôi đã vay ai đó một cái gì đó thì phải.",4,借る(かる); 借り(かり); 内借(ないしゃく); 賃借(ちんしゃく); 転借(てんしゃく); 借財(しゃくざい); 借地(しゃくち); 借家(しゃくや); 借用(しゃくよう); 借金(しゃっきん)
代,亻; 弋,ĐẠI,ダイ; タイ,か-わる; か-わり; が-わり; か-える; よ; しろ,"Đại điện, thay thế, đổi",Tớ sẽ thay thế cậu!,4,百代(ひゃくだい); 近代(きんだい); 神代(かみよ); 薬代(やくだい); 足代(あしだい); 網代(あじろ); 希代(きたい); 現代(げんだい); 代案(だいあん); 代位(だいい)
貸,亻; 弋; 貝,"THẢI, THẮC",タイ,か-す; か-し; かし,"Vay, cho vay","Tôi đại diện (代) anh ấy, cho vay tiền.",4,貸す(かす); 貸し(かし); 貸方(かしかた); 貸切(かしきり); 貸金(かしきん); 貸越(かしこし); 貸席(かしせき); 貸地(かしち); 貸主(かじぬし); 貸間(かしま)
地,土; 也,ĐỊA,チ; ジ,""," Đất, địa hình",Bọ cạp ở dưới đất (土)  này.,4,地球(ちきゅう); 地理(ちり); 地面(じめん); 地震(じしん); 土地(とち); 山地(さんち); 地下(ちか); 地図(ちず); 境地(きょうち); 局地(きょくち)
世,世,THẾ,セイ; セ; ソウ,よ; さん; じゅう,"Thế hệ, xã hội, thế giới",Chữ (せ) trong (せかい) được tạo ra từ chữ “thế” này.,4,世紀(せいき); 近世(きんせい); 阿世(あせい); 経世(けいせい); 隔世(かくせい); 現世(げんせい); 救世(きゅうせい); 濁世(だくせい); 後世(こうせい); 出世(しゅっせ)
界,田; 人; 丿; 丨,GIỚI,カイ,"","Thế giới, ranh giới ",Ở giữa ruộng (田) của bạn và ruộng của tôi có ranh giới rõ ràng.,4,界標(かいひょう); 苦界(くがい); 界面(かいめん); 界雷(かいらい); 界隈(かいわい); 芸界(げいかい); 外界(げかい); 劇界(げきかい); 官界(かんかい); 眼界(がんかい)
度,广; 廿; 又,"ĐỘ, ĐẠC",ド; ト; タク,たび; た-い,Lần,Ở trong nhà 21 lần thì tay sẽ ấm.,4,温度(おんど); 態度(たいど); 丁度(ちょうど); 今度(こんど); 一度(いちど); 制度(せいど); 開度(かいど); 強度(きょうど); 速度(そくど); 極度(きょくど)
回,囗; 口,HỒI,カイ; エ,まわ-る; ま-り; まわ-す; まわ-し; もとお-る; か-える,"Lần, quay lại, trở lại",Cái gì đó đang xoay vòng.,4,一回(いっかい); 二回(にかい); 三回(さんかい); 回す(まわす); 回覧(かいらん); 回答(かいとう); 回転(かいてん); 回読(かいどく); 回反(かいはん); 回避(かいひ)
用,用,DỤNG,ヨウ,もち-いる,"Dùng, công dụng",Đây là hàng rào chúng tôi đang sử dụng.,4,活用(かつよう); 用紙(ようし); 共用(きょうよう); 供用(きょうよう); 挙用(きょよう); 費用(ひよう); 愛用(あいよう); 外用(がいよう); 公用(こうよう); 効用(こうよう)
民,民,DÂN,ミン,たみ,Người dân,Công dân có miệng (口) và tên (氏).,4,農民(のうみん); 民宿(みんしゅく); 民謡(みんにょう); 平民(へいみん); 民主(みんしゅ); 民族(みんぞく); 漁民(ぎょみん); 貧民(ひんみん); 公民(こうみん); 愚民(ぐみん)
注,氵; 丶; 王,CHÚ,チュウ,そそ-ぐ; さ-す; つ-ぐ,"Rót, đổ, chú ý",“Chú ý!!! Đừng để nước đổ vào ông chủ (主)”,4,注意(ちゅうい); 頭注(とうちゅう); 評注(ひょうちゅう); 傾注(けいちゅう); 訳注(やくちゅう); 脚注(きゃくちゅう); 補注(ほちゅう); 校注(こうちゅう); 受注(じゅちゅう); 付注(ふちゅう)
意,立; 日; 心,Ý,イ,"","Ý định, ý chí",Lắng tai nghe tiếng (音) trái tim (心); Có lẽ sẽ hiểu được cảm giác của chính mình.,4,熱意(ねつい); 誠意(せいい); 悪意(あくい); 意向(いこう); 意味(いみ); 意見(いけん); 注意(ちゅうい); 意外(いがい); 寓意(ぐうい); 謝意(しゃい)
頭,豆; 頁,ĐẦU,トウ; ズ; ト,あたま; かしら; -がしら; かぶり,Đầu,Đầu trông có vẻ giống đậu (豆) nhỉ?,4,頭痛(ずつう); 頭首(とうしゅ); 会頭(かいとう); 街頭(がいとう); 教頭(きょうとう); 頭注(とうちゅう); 巨頭(きょとう); 組頭(くみがしら); 鶏頭(けいとう); 頭板(あたまいた)
顔,亠; 丷; 厂; 彡; 頁,NHAN,ガン,かお,Khuôn mặt,"Khi lấy cái mũ ra, bạn có thể nhìn thấy sẹo trên mặt tôi.",4,顔色(かおいろ); 顔形(かおかたち); 顔面(がんめん); 顔容(がんよう); 顔料(がんりょう); 厚顔(こうがん); 紅顔(こうがん); 寝顔(ねがお); 似顔(にがお); 丸顔(まるがお)
声,士,THANH,セイ; ショウ,こえ; こわ,"Tiếng, giọng nói",Võ sĩ (士) Samurai đang phát ra âm thanh (コエ) ở cửa.,4,嬌声(きょうせい); 吟声(ぎんせい); 諸声(もろごえ); 喚声(かんせい); 歓声(かんせい); 名声(めいせい); 弦声(げんせい); 奇声(きせい); 訛声(だみごえ); 怒声(どせい)
特,牛; 土; 寸,ĐẶC,トク,"","Riêng, khác thường, đặc biệt",Ở chùa (寺) của đạo Hindu; Bỏ (牛) là động vật đặc thù đó nha!,4,特に(とくに); 特別(とくべつ); 特集(とくしゅう); 特徴(とくちょう); 奇特(きとく); 特技(とくぎ); 特銀(とくぎん); 特産(とくさん); 特使(とくし); 特質(とくしつ)
別,口; 刂,BIỆT,ベツ,わか-れる; わ-ける,"Chia li, phân biệt, đặc biệt",Tôi cắt thịt thành 10000 (万) miếng riêng biệt.,4,特別(とくべつ); 哀別(あいべつ); 区別(くべつ); 決別(けつべつ); 告別(こくべつ); 種別(しゅべつ); 差別(さべつ); 個別(こべつ); 戸別(こべつ); 分別(ぶんべつ)
竹,竹,TRÚC,チク,たけ,Tre trúc,Đây là hình ảnh một cây tre.,4,呉竹(くれたけ); 根竹(ねだけ); 竿竹(さおだけ); 竹材(ちくざい); 竹紙(ちくし); 爆竹(ばくちく); 竹器(ちっき); 竹工(ちっこう); 青竹(あおだけ); 糸竹(いとたけ)
合,人; 一; 口,"HỢP, HIỆP",ゴウ; ガッ; カッ,あ-う; あ-わせる," Hợp, vừa ý, hợp lại",Nắp – hộp hợp nhau.,4,合格(ごうかく); 合唱(がっしょう); 合う(あう); 試合(しあい); 合弁(ごうべん); 合鍵(あいかぎ); 合方(あいかた); 合薬(あいぐすり); 合印(あいじるし); 合図(あいず)
答,竹; 人; 一; 口,ĐÁP,トウ,こた-える; こた-え,Trả lời,Đáp án của trúc (竹) và tôi; Giống sự phù hợp (合) của nồi và vung.,4,答案(とうあん); 答え(こたえ); 回答(かいとう); 解答(かいとう); 即答(そくとう); 確答(かくとう); 答電(とうでん); 答弁(とうべん); 問答(もんどう); 答礼(とうれい)
正,一; 止,"CHÁNH, CHÍNH",セイ; ショウ,ただ-しい; ただ-す; まさ; まさ-に,"Phải, đúng, chính đáng",Khi đèn đỏ nếu bạn dừng (止); Đó là điều đúng xin đừng quên nha.,4,正午(しょうご); 矯正(きょうせい); 厳正(げんせい); 賀正(がしょう); 規正(きせい); 補正(ほせい); 正す(ただす); 弾正(だんじょう); 公正(こうせい); 更正(こうせい)
同,冂; 一; 口,ĐỒNG,ドウ,おな-じ,"Cùng nhau, bằng nhau, giống nhau",Cả người vào lẫn người ra; Dùng cùng một cửa rất là giống nhau.,4,同情(どうじょう); 同じ(おなじ); 会同(かいどう); 共同(きょうどう); 協同(きょうどう); 同族(どうぞく); 同値(どうち); 同断(どうだん); 同着(どうちゃく); 同調(どうちょう)
計,言; 十,"KẾ, KÊ",ケイ,はか-る; はか-らう,"Kế sách, đo lường","Hãy đếm thời gian bằng các con số “Một, hai, …, mười (十)”",4,会計(かいけい); 計画(けいかく); 計器(けいき); 計算(けいさん); 計時(けいじ); 計上(けいじょう); 計測(けいそく); 計略(けいりゃく); 計量(けいりょう); 姦計(かんけい)
京,亠; 口; 小,KINH,キョウ; ケイ; キン,みやこ,"Kinh đô, thủ đô",Ngôi nhà được xây trên ngọn đồi nhỏ (小). Nơi này đã trở thành kinh đô.,4,東京(とうきょう); 京都(きょうと); 京浜(けいひん); 京洛(きょうらく); 京師(けいし); 京阪(けいはん); 京葉(けいよう); 帰京(ききょう); 京女(きょうおんな); 京劇(きょうげき)
集,隹; 木,TẬP,シュウ,あつ-まる; あつ-める; つど-う,"Tập hợp, gom lại",Bầy chim tập hợp trên cây (木).,4,凝集(ぎょうしゅう); 句集(くしゅう); 群集(ぐんしゅう); 結集(けっしゅう); 特集(とくしゅう); 家集(かしゅう); 歌集(かしゅう); 画集(がしゅう); 呼集(こしゅう); 参集(さんしゅう)
不,不,"BẤT, PHI",フ; ブ,"","Chẳng, không thể",Nó không phải chữ T.,4,不孝(ふこう); 不便(ふべん); 不安(ふあん); 不快(ふかい); 不意(ふい); 不一(ふいつ); 不況(ふきょう); 不運(ふうん); 不壊(ふえ); 不易(ふえき)
便,亻; 一; 日; 丿; 乀,TIỆN,ベン; ビン,たよ-り,"Sự thuận tiện, thuận lợi",Nếu dịch vụ bưu điện có thể gửi hàng trong 1 ngày (一日) thì thật tiện lợi.,4,船便(ふなびん); 不便(ふべん); 便利(べんり); 便り(たより); 便乗(びんじょう); 便箋(びんせん); 便殿(びんでん); 軽便(けいべん); 血便(けつべん); 簡便(かんべん)
以,以,DĨ,イ,もっ-て,"Lấy, dùng, bởi vì",Đây là vạch xuất phát.,4,以内(いない); 以前(いぜん); 以上(いじょう); 以西(いせい); 以東(いとう); 以遠(いえん); 以往(いおう); 以下(いか); 以外(いがい); 以後(いご)
場,土; 日; 一; 勹; 丿; 丿,"TRÀNG, TRƯỜNG",ジョウ; チョウ,ば,"Địa điểm, nơi, chốn",Đất (土) tốt và ánh mặt trời (日); Chỗ này được chọn làm nơi ta về.,4,牧場(ぼくじょう); 場所(ばしょ); 工場(こうじょう); 会場(かいじょう); 足場(あしば); 教場(きょうじょう); 漁場(ぎょじょう); 窯場(かまば); 広場(ひろば); 刑場(けいじょう)
戸,戸,HỘ,コ,と,Cánh cửa,Đây là hình cánh cửa.,4,戸棚(とだな); 下戸(げこ); 木戸(きど); 戸外(こがい); 門戸(もんこ); 袋戸(ふくるど); 戸口(ここう); 戸主(こしゅ); 戸数(こすう); 戸籍(こせき)
所,戶; 斤,SỞ,ショ,ところ; どころ; とこ," Nơi, chốn",Dùng rìu đánh dấu cửa (戸) nhà; Để biết nơi ấy chính là của tôi.,4,台所(だいどころ); 住所(じゅうしょ); 場所(ばしょ); 近所(きんじょ); 所定(しょてい); 居所(きょしょ); 各所(かくしょ); 険所(けんしょ); 貴所(きしょ); 役所(やくしょ)
屋,尸; 一; 厶; 土,ỐC,オク,や,"Mái nhà, nóc nhà, nhà ở, cửa hàng",Con người thì tất yếu là; Cần đất (土) và một mái nhà định cư.,4,本屋(ほんや); 床屋(とこや); 屋上(おくじょう); 質屋(しちや); 部屋(へや); 屋内(おくない); 草屋(くさや); 屑屋(くずや); 薬屋(くすりや); 靴屋(くつや)
堂,⺌; 冖; 口; 土,ĐƯỜNG,ドウ,"","Gian nhà chính giữa, nhà chính",Đây là tòa nhà lớn trên đất (土) này.,4,講堂(こうどう); 食堂(しょくどう); 会堂(かいどう); 経堂(きょうどう); 学堂(がくどう); 堂々(どうどう); 本堂(ほんどう); 金堂(こんどう); 骨堂(こつどう); 満堂(まんどう)
都,耂; 日; 阝,ĐÔ,ト; ツ,みやこ,"Kinh đô, thủ đô",Có người (者) ở trạm dừng xe; Chờ chuyến xe bus đi về kinh đô.,4,都会(とかい); 京都(きょうと); 旧都(きゅうと); 都銀(とぎん); 大都(たいと); 国都(こくと); 都市(とし); 都心(としん); 都電(とでん); 都内(とない)
県,目; 小,HUYỆN,ケン,か-ける,Tỉnh,Cả nước đang mắt (目) dõi theo tỉnh nhỏ (小).,4,近県(きんけん); 郡県(ぐんけん); 県会(けんかい); 県警(けんけい); 県勢(けんせい); 県庁(けんちょう); 県道(けんどう); 県民(けんみん); 県立(けんりつ); 県令(けんてい)
区,匸; 㐅,"KHU, ÂU",ク; オウ; コウ,"","Quận, khu vực",Khu này được phân biên giới bằng 3 bức tường và 2 con đường.,4,漁区(ぎょく); 区域(くいき); 区画(くかく); 区間(くかん); 区々(くく); 区内(くない); 区長(くちょう); 区分(くぷん); 区別(くべつ); 管区(かんく)
池,氵; 也,TRÌ,チ,いけ,Cái ao,Trong ao có con tôm.,4,電池(でんち); 印池(いんち); 古池(ふるいけ); 瑶池(ようち); 溜池(ためいけ); 内池(うちいけ); 肉池(にくち); 城池(じょうち)
発,癶; 一; 一; 儿,PHÁT,ハツ; ホツ,た-つ; あば-く; おこ-る; つか-わす; はな-つ,"Bắt đầu, xuất phát, phát hiện",Loài người đi lại bắt đầu bằng hai chân.,4,発音(はつおん); 活発(かっぱつ); 発表(はっぴょう); 発熱(はつねつ); 発赤(ほっせき); 続発(ぞくはつ); 開発(かいはつ); 偶発(ぐうはつ); 啓発(けいはつ); 激発(げきはつ)
建,廴; 肀; 一; 一,"KIẾN, KIỂN",ケン; コン,た-てる; た-て; だ-て; た-つ,"Dựng lên, thành lập",Trước khi xây dựng nhà này; Quan trọng có bản vẽ (書) ngay để nhìn.,4,建築(けんちく); 銀建(ぎんけん); 建議(けんぎ); 建言(けんげん); 建国(けんこく); 建材(けんざい); 建設(けんせつ); 建造(けんぞう); 建白(けんぱく); 土建(どけん)
物,牛; 勹; 丿; 丿,VẬT,ブツ; モツ,もの; もの-,"Sự vật, đồ vật","Con bò (牛) và con cáo đều là những vật thể sống.; hoặc dẫn trâu (牛) và mang cày (勿) theo để làm việc, kiếm ra tiền mua đồ (物).",4,織物(おりもの); 物理(ぶつり); 動物(どうぶつ); 荷物(にもつ); 物価(ぶっか); 品物(しなもの); 着物(きもの); 果物(くだもの); 漬物(つけもの); 煮物(にもの)
品,口; 口; 口,PHẨM,ヒン; ホン,しな,"Đồ vật, cái hay, phấm cách, hàng hóa, đếm số bữa ăn",Đây là hình ảnh của 3 sản phẩm.,4,製品(せいひん); 品物(しなもの); 食品(しょくひん); 作品(さくひん); 備品(びひん); 金品(きんぴん); 品位(ひんい); 品格(ひんかく); 品行(ひんこう); 品詞(ひんし)
旅,方,LỮ,リョ,たび,"Du lịch, cuộc hành trình, quán trọ",Tay người hướng dẫn cầm cờ; Đằng sau lữ khách lững lờ đi theo.,4,旅館(りょかん); 逆旅(げきりょ); 船旅(ふなたび); 旅行(りょこう); 旅人(たびびと); 旅先(たびさき); 旅愁(りょしゅう); 旅費(りょひ); 旅順(りょじゅん); 軍旅(ぐんりょ)
通,辶; 龴; 用,THÔNG,ツウ; ツ,とお-る; とお-り; とお-り; どお-り; とお-す; とお-し; どお-し; かよ-う,"Thông suốt, thông qua, xuyên qua",Tôi vượt tường rào để đi học.,4,交通(こうつう); 通風(つうふう); 通う(かよう); 共通(きょうつう); 姦通(かんつう); 貫通(かんつう); 通す(とおす); 通る(とおる); 融通(ゆうずう); 普通(ふつう)
進,辶; 隹,TIẾN,シン,すす-む; すす-める,"Tiến tới, tiến triển",Con chim đang tiến lên phía trước.,4,促進(そくしん); 猛進(もうしん); 勧進(かんじん); 躍進(やくしん); 寄進(きしん); 逆進(ぎゃくしん); 急進(きゅうしん); 後進(こうしん); 行進(こうしん); 高進(こうしん)
丸,九; 丶,HOÀN,ガン,まる-い,"Tròn, (trăng) tròn, hoàn mỹ, viên, vo lại",Tôi đang cuộn tròn cơ thể mình.,4,丸薬(がんやく); 丸い(まるい); 丸鋸(まるのこ); 睾丸(こうがん); 弾丸(だんがん); 丸襟(まるえり); 丸顔(まるがお); 丸太(まるた); 丸損(まるぞん); 丸本(まるほん)
熱,土; 儿; 土; 九; 丶; 灬,NHIỆT,ネツ,あつ-い," Nóng, sốt",Cuộn tròn (丸) cơ thể lại; Để tránh thoát nhiệt nhanh.,4,熱い(あつい); 熱帯(ねったい); 熱意(ねつい); 熱心(ねっしん); 情熱(じょうねつ); 発熱(はつねつ); 高熱(こうねつ); 比熱(ひねつ); 解熱(げねつ); 火熱(かねつ)
冷,冫; 人; 一; 龴,LÃNH,レイ,つめ-たい; ひ-える; ひ-ややか; ひ-やす; ひ-やかす; さ-める; さ-ます,"Lạnh, nhạt nhẽo",Người tôi rung lên trong gió lạnh.,4,"冷酒(ひやざけ); 冷水(ひやみず); 冷麦(ひやむぎ); 空冷(くうれい); 高冷(こうれい); 冷夏(れいか); 冷静(れいせい); 水冷(すいれい); 寒冷(かんれい); 冷汗(れいかん,ひやあせ)"
甘,甘,CAM,カン,あま-い; あま-える; あま-やかす; うま-い, ,Mật ngọt được để trong bình.,4,甘い(あまい); 甘言(かんげん); 甘汞(かんこう); 甘心(かんしん); 甘草(かんぞう); 甘美(かんび); 甘味(かんみ); 小甘(こあま); 甘蕉(かんしょう); 甘口(あまくち)
汚,氵; 亐,Ô,オ,きたな-い; けが-らわしい; よご-れる; けが-れる; よご-す; けが-す,"Ô nhiễm, bẩn",Người này đang uống nước bị ô nhiễm,4,汚い(きたない); 汚す(よごす); 汚染(おせん); 汚職(おしょく); 汚れ(よごれ); 汚名(おめい); 汚辱(おじょく); 汚物(おぶつ); 汚点(おてん); 汚行(おこう)
果,日; 木,QUẢ,カ,は-たす; はた-す; は-てる; は-て," Quả, trái cây, kết quả",Quả đến từ cái cây (木) này.,4,結果(けっか); 果物(くだもの); 果報(かほう); 仮果(かか); 果芽(かが); 果核(かかく); 果敢(かかん); 堅果(けんか); 偽果(ぎか); 果実(かじつ)
卵,卩; 丶,NOÃN,ラン,たまご,Trứng,Hãy làm vỡ quả trứng!,4,卵巣(らんそう); 魚卵(ぎょらん); 鶏卵(けいらん); 卵穀(たまごこく); 卵酒(たまござけ); 生卵(なまたなご); 腐卵(ふらん); 抱卵(ほうらん); 産卵(さんらん); 卵管(らんかん)
皿,皿,MÃNH,ベイ,さら,Bát dĩa,Bánh ngọt được để trên đĩa.,4,灰皿(はいざら); 中皿(ちゅうざら); 大皿(おおざら); 小皿(こざら); お皿(おさら); 火皿(ひざら); 一皿(ひとさら); 絵皿(えざら); 壺皿(つぼざら); 平皿(ひらざら)
酒,氵; 酉,TỬU,シュ,さけ; さか-,Rượu,Nước tốt làm được rượu ngon.,4,お酒(おさけ); 冷酒(ひやざけ); 禁酒(きんしゅ); 燗酒(かんざけ); 深酒(ふかざけ); 火酒(かしゅ); 酒気(しゅき); 毒酒(どくしゅ); 濁酒(どぶろく); 卵酒(たまござけ)
塩,土; 口; 皿,DIÊM,エン,しお,Muối,Đồ ăn trong đĩa (皿) nhiều muối quá!,4,岩塩(がんえん); 減塩(げんえん); 脱塩(だつえん); 塩気(しおけ); 塩魚(しおざかな); 塩鮭(しおざけ); 塩豚(しおぶた); 食塩(しょくえん); 塩分(えんぶん); 塩酸(えんさん)
付,亻; 寸,PHÓ,フ,つ-く; づ-く; つ-ける; づ-ける,"Thêm vào, gắn vào",Tôi gắn cái gì đó vào người kia.,4,受付(うけつけ); 回付(かいふ); 書付(かきつけ); 還付(かんぷ); 付加(ふか); 気付(きづけ); 付記(ふき); 付議(ふぎ); 寄付(きふ); 付近(ふきん)
片,片,PHIẾN,ヘン,かた,Đây là một bên của cây.,Đây là một bên của cây.,4,木片(もくへん); 欠片(かけら); 片足(かたあし); 片腕(かたうで); 片親(かたおや); 片側(かたがわ); 片恋(かたこい); 片言(かたこと); 片隅(かたすみ); 片手(かたて)
焼,火; 十; 一; 丨; 丨; 一; 儿,THIÊU,ショウ,や-く; や-き; や.ける,Đốt cháy,Tôi đã đốt 30 cái gậy rồi.,4,焼く(やく); 焼き(やき); 焼油(やきあぶら); 焼鋼(やきこう); 焼肉(やきにく); 焼餅(やきもち); 焼物(やきもの); 焼け(やけ); 燃焼(ねんしょう); 焼失(しょうしつ)
消,氵; 丨; 丷; 月,TIÊU,ショウ,き-える; け-す,"Tiêu tan, biến mất, tiêu diệt",Mặt trăng (月) tan biến vào nước.,4,消す(けす); 消印(けしいん); 消化(しょうか); 消火(しょうか); 消極(しょうきょく); 消息(しょうそく); 消灯(しょうとう); 消毒(しょうどく); 消費(しょうひ); 消防(しょうぼう)
固,囗; 十; 口,CỐ,コ,かた-める; かた-まる; かた-まり; かた-い,"Cứng rắn, vững chắc, kín đáo",Bức tường vây nhà thờ cổ (古). Cứng bền nên chẳng đổ được đâu.,4,固い(かたい); 頑固(がんこ); 禁固(きんこ); 警固(けいご); 堅固(けんご); 固め(かため); 強固(きょうこ); 凝固(ぎょうこ); 確固(かっこ); 固形(こけい)
個,亻; 囗; 十; 口,CÁ,コ; カ,"","Cá nhân, cái, quả, con",Mỗi cá nhân có một niềm tin cố (固) hữu.,4,好個(こうこ); 個々(ここ); 個室(こしつ); 個人(こじん); 個数(こすう); 個性(こせい); 個体(こたい); 個展(こてん); 個別(こべつ); 一個(いっこ)
笑,竹; 丿; 大,TIẾU,ショウ,わら-う; え-む,"Cười, vui cười",Có một thằng người (人); Đứng cười keke (ケケ),4,笑う(わらう); 苦笑(くしょう); 哄笑(こうしょう); 談笑(だんしょ); 笑止(しょうし); 失笑(しっしょう); 笑劇(しょうげき); 笑殺(しょうさつ); 笑納(しょうのう); 笑顔(えがお)
泣,氵; 立,KHẤP,キュウ,な-く,Khóc,Tôi đang đứng (立) khóc.,4,泣く(なく); 感泣(かんきゅう); 泣訴(きゅうそ); 泣き(なき); 号泣(ごうきゅう)
怒,女; 又; 心,NỘ,ド; ヌ,おこ-る; いか-る,"Tức giận, giận dữ",Cô gái (女) đang thịnh nộ; Vỗ vào trái tim tôi.,4,怒る(おこる); 激怒(げきど); 喜怒(きど); 怒気(どき); 怒号(どごう); 怒声(どせい); 憤怒(ふんど); 怒り(いかり); 怒る(いかる); 赫怒(かくど)
幸,幸,HẠNH,コウ,さいわ-い; さち; しあわ-せ,"May, hạnh phúc",Dưới đất (土) nhiều yên (¥); Hạnh phúc vô biên.,4,幸福(こうふく); 幸運(こううん); 山幸(やまさち); 行幸(ぎょうこう); 不幸(ふこう); 幸甚(こうじん); 幸便(こうびん); 幸先(さいさき); 幸い(さいわい); 幸せ(しあわせ)
悲,非; 心,BI,ヒ,かな-しい; かな-しむ," Thương xót, buồn",Trái tim (心) tôi thấy buồn đau; Bởi vì anh ấy đứng sau cửa tù.,4,悲報(ひほう); 悲鳴(ひめい); 悲惨(ひさん); 慈悲(じひ); 悲哀(ひあい); 悲壮(ひそう); 悲嘆(ひたん); 悲恋(ひれん); 悲痛(ひつう); 悲観(ひかん)
苦,艹; 十; 口,KHỔ,ク,くる-しい; ぐる-しい; くる-しむ; くる-しめる; にが-い; にが-る,"Đắng, khổ cực",Nếu ăn cỏ già (古); Thật là khổ đau.,4,苦い(にがい); 苦役(くえき); 苦界(くがい); 苦学(くがく); 苦境(くきょう); 苦行(くぎょう); 苦吟(くぎん); 苦言(くげん); 貧苦(ひんく); 苦節(くせつ)
痛,疒; 龴; 用,THỐNG,ツウ,いた-む; いた-める; いた-い,Đau đớn,Trong khi vượt hàng rào bệnh viện tôi cảm thấy rất đau đớn.,4,頭痛(ずつう); 腹痛(ふくつう); 歯痛(しつう); 腰痛(ようつう); 痛い(いたい); 苦痛(くつう); 劇痛(げきつう); 疼痛(とうつう); 無痛(むつう); 痛快(つうかい)
恥,耳; 心,SỈ,チ,はじ; は-じる; は-じらう; は-ずかしい,"Nhục, xấu hổ",Sẽ là hổ thẹn nếu bạn không lắng tai nghe tiếng trái tim (心) mình.,4,恥辱(ちじょく); 羞恥(しゅうち); 赤恥(あかはじ); 無恥(むち)
配,酉; 己,PHỐI,ハイ,くば-る,Phân phát,Tôi đang quỳ xuống để phân phát rượu (酒).,4,支配(しはい); 配る(くばる); 軍配(ぐんばい); 欠配(けっぱい); 気配(けかい); 減配(げんぱい); 加配(かはい); 禾配(かはい); 特配(とくはい); 蛸配(たこはい)
困,囗; 木,KHỐN,コン,こま-る,"Khó khăn, khốn khổ",Cây (木) lớn đứng đó; Thật quá khó khăn,4,困る(こまる); 貧困(ひんこん); 困苦(こんく); 困難(こんなん); 困憊(こんぱい); 困却(こんきゃく); 困窮(こんきゅう); 困惑(こんわく)
辛,立; 十,TÂN,シン,から.い; つら.い; -づら.い; かのと, ,Đứng (立) trên cây gậy; Sẽ thấy đớn đau.,4,辛い(からい); 辛口(からくち); 辛子(からし); 辛党(からとう); 辛味(からみ); 辛苦(しんく); 辛抱(しんぼう); 辛酸(しんさん); 辛夷(こぶし); 甘辛(あまから)
眠,目; 民,MIÊN,ミン,ねむ-る; ねむ-い,Ngủ,Người dân (民) nhắm mắt (目) khi ngủ.,4,眠い(ねむい); 眠る(ねむる); 睡眠(すいみん); 仮眠(かみん); 快眠(かいみん); 休眠(きゅうみん); 冬眠(とうみん); 惰眠(だみん); 土眠(どみん); 眠気(ねむけ)
残,一; 夕; 㦮,TÀN,ザン; サン,のこ-る; のこ-す; そこな-う; のこ-り,"Còn lại, còn thừa, tàn","",4,残酷(ざんこく); 残念(ざんねん); 残額(ざんがく); 残業(ざんぎょう); 残響(ざんきょう); 残金(ざんきん); 残渣(ざんさ); 残暑(ざんしょ); 残雪(ざんせつ); 残像(さんぞう)
念,今; 心,NIỆM,ネン,"",Nghĩ nhớ,Lúc này (今) anh đang nghĩ về em.,4,信念(しんねん); 残念(ざんねん); 記念(きねん); 概念(がいねん); 俗念(ぞくねん); 妄念(もうねん); 懸念(けねん); 観念(かんねん); 祈念(きねん); 疑念(ぎねん)
感,丿; 戈; 一; 口; 心,CẢM,カン,"","Cảm xúc, cảm thấy",Người cầm vũ khí trên tay; Nhìn mà cảm thấy sợ bay linh hồn.,4,敏感(びんかん); 感動(かんどう); 感応(かんおう); 感化(かんか); 感懐(かんがい); 感慨(かんがい); 感覚(かんかく); 感官(かんかん); 感泣(かんきゅう); 感興(かんきょう)
情,忄; 龶; 月,TÌNH,ジョウ; セイ,なさ-け," Nhân tình, tâm lý",Trong tim chỉ một màu xanh (青).,4,直情(ちょくじょう); 同情(どうじょう); 情報(じょうほう); 情熱(じょうねつ); 表情(ひょうじょう); 愛情(あいじょう); 苦情(くじょう); 激情(げきじょう); 感情(かんじょう); 下情(かじょう)
覚,⺍; 冖; 見,GIÁC,カク,おぼ-える; さ-ます; さ-める; さと-る,"Nhớ, cảm thấy, tỉnh ngộ",Ở trường đã thấy (見) những gì. Tôi nhớ như thể đã ghi trong đầu.,4,感覚(かんかく); 覚悟(かくご); 覚醒(かくせい); 幻覚(げんかく); 不覚(ふかく); 嗅覚(きゅうかく); 錯覚(さっかく); 覚り(さとり); 才覚(さいかく); 知覚(ちかく)
忘,亡; 心,VONG,ボウ,わす-れる,"Quên, bỏ sót",Quên xây bức tường bên phải mất rồi!!!,4,備忘(びぼう); 健忘(けんぼう); 忘却(ぼうきゃく); 忘恩(ぼうおん); 度忘(どわすれ)
決,氵; 夬,QUYẾT,ケツ,き.める; -ぎ.め; き.まる; さ.く,Nhất quyết,Tôi đã quyết việc tiết kiệm trước.,4,票決(ひょうけつ); 表決(ひょうけつ); 評決(ひょうけつ); 決河(けっか); 決壊(けっかい); 決起(けっき); 決議(けつぎ); 決行(けっこう); 決済(けっさい); 決裁(けっさい)
定,宀; 一; 龰,"ĐỊNH, ĐÍNH",テイ; ジョウ,さだ-める; さだ-まる; さだ-か,"Quyết định, chắc chắn",Quyết định ngày chuyển nhà nào!,4,定規(じょうぎ); 定説(ていせつ); 肯定(こうてい); 否定(ひてい); 定食(ていしょく); 所定(しょてい); 協定(きょうてい); 測定(そくてい); 評定(ひょうてい); 確定(かうてい)
比,比,TỶ,ヒ,くら--べる,Đây có lẽ cũng là chữ Katakana (ヒ) nhỉ?,Đây có lẽ cũng là chữ Katakana (ヒ) nhỉ?; Thử so sánh chúng nào.,4,比熱(ひねつ); 比喩(ひゆ); 比率(ひりつ); 比例(ひれい); 逆比(ぎゃくひ); 無比(むひ); 比肩(ひけん); 比較(ひかく); 比重(ひじゅう); 櫛比(しっぴ)
受,爫; 冖; 又,THỤ,ジュ,う-ける; う-かる,Tiếp nhận,"Tay trao tay, nhận lấy đồ này.",4,受付(うけつけ); 受身(うけみ); 感受(かんじゅ); 受像(じゅぞう); 受託(じゅたく); 受注(じゅちゅう); 受難(じゅなん); 受納(じゅのう); 受粉(じゅふん); 納受(のうじゅ)
授,扌; 爫; 冖; 又,THỤ,ジュ,さず-ける; さず-かる,"Truyền đạt, cấp (cho)",Việc được chỉ bảo cũng giống như việc nhận (受) một cái gì đó.,4,教授(きょうじゅ); 授業(じゅぎょう); 口授(こうじゅ); 伝授(でんじゅ); 授賞(じゅしょう); 授爵(じゅしゃく); 授受(じゅじゅ); 授与(じゅよ); 神授(しんじゅ); 授戒(じゅかい)
徒,彳; 土; 龰,ĐỒ,ト,いたずら; あだ,"Đi bộ, học trò, đồ đệ",Môn đồ của tôi đang chạy (走) trên đường.,4,生徒(せいと); 教徒(きょうと); 徒心(あだごころ); 徒し(あだし); 徒波(あだなみ); 徒花(あだばな); 学徒(がくと); 逆徒(ぎゃくと); 徒歩(とほ); 徒士(かち)
練,糸; 東,LUYỆN,レン,ね-る; ね-り,"Luyện tập, huấn luyện","Ở Đông (東) Dương, tôi đã luyện tập kéo dài sợi chỉ (糸).",4,練習(れんしゅう); 訓練(くんれん); 教練(きょうれん); 手練(しゅれん); 練絹(ねりぎぬ); 練薬(ねりぐすり); 練塀(ねりべい); 練る(ねる); 未練(みれん); 修練(しゅうれん)
復,彳; 复,"PHỤC, PHÚC",フク,また,"Khôi phục, phục hồi, trở lại, lặp lại, báo đáp","Mỗi ngày, người ta đều rảo bước trên con đường ấy.",4,回復(かいふく); 復位(ふくい); 復員(ふくいん); 復縁(ふくえん); 復刊(ふっかん); 復仇(ふくきゅう); 復業(ふくぎょう); 復極(ふっきょく); 復権(ふっけん); 復元(ふくげん)
表,龶,BIỂU,ヒョウ,おもて; あらわ-す; あらわ-れる,"Mặt ngoài, biểu hiện","Cây lớn và phát triển, tôi biểu hiện niềm vui.",4,発表(はっぴょう); 木表(きおもて); 表決(ひょうけつ); 表現(ひょうげん); 表札(ひょうさつ); 表紙(ひょうし); 表示(ひょうじ); 表出(ひょうしゅつ); 表彰(ひょうしょう); 表情(ひょうじょう)
卒,亠; 人; 人; 十,TỐT,ソツ; シュツ,そっ-する; お-える; お-わる; ついに; にわか,"Tốt nghiệp, binh sĩ",Mười (十) người (人) đã tốt nghiệp.,4,卒中(そっちゅう); 卒倒(そっとう); 何卒(なにとぞ); 弱卒(じゃくそつ); 新卒(しんそつ); 兵卒(へいそつ); 高卒(こうそつ); 甲卒(かぶとそつ); 軍卒(ぐんそつ); 学卒(がくそつ)
違,辶; 韋,VI,イ,ちが-う; ちが-い; ちが-える; たが-う; たが-える,"Sai, khác biệt",Con đường quá phức tạp. Có vẻ tôi đã nhầm.,4,違い(ちがい); 違う(ちがう); 違反(いはん); 相違(そうい); 違算(いさん); 違背(いはい); 違犯(いはん); 違法(いほう); 違約(いやく); 違和(いわ)
役,彳; 几; 又,DỊCH,ヤク; エキ,"","Chiến đấu, phục dịch, sai khiến",Nhiệm vụ của tôi là vận chuyển những viên đá.,4,使役(しえき); 主役(しゅやく); 苦役(くえき); 守役(もりやく); 現役(げんえき); 賦役(ふえき); 役印(やくいん); 役員(やくいん); 役柄(やくがら); 役者(やくしゃ)
皆,比; 白,GIAI,カイ,みな,"Tất cả, mọi người",Hãy so sánh (比) những người trên tòa nhà trắng (白) kia. Tất cả trông tương tự nhau.,4,皆伝(かいでん); 皆納(かいのう); 皆兵(かいへい); 皆無(かいむ); 皆目(かいもく); 皆様(みなさま); 皆済(かいさい); 皆勤(かいきん); 皆既(かいき); 悉皆(しっかい)
彼,彳; 皮,BỈ,ヒ,かれ; かの,"Bên kia, kẻ khác, đối phương",Cố gắng giữ lấy tay này. Nhưng rồi cũng có một ngày anh đi.,4,彼氏(かれし); 彼処(かしこ); 彼奴(きゃつ); 彼方(かなた); 彼の(かの); 彼女(かのじょ); 彼岸(ひがん); 彼等(かれし); 彼奴(あいつ); 彼此(あれこれ)
全,入; 王,TOÀN,ゼン,まった-く; すべ-て,"Xong, đủ, toàn bộ",Đức vua (王) thống trị toàn bộ mọi thứ có ở trên núi.,4,全部(ぜんぶ); 安全(あんぜん); 全力(ぜんりょく); 完全(かんぜん); 健全(けんぜん); 保全(ほぜん); 不全(ふぜん); 全然(ぜんぜん); 全体(ぜんたい); 全員(ぜんいん)
部,立; 口; 阝,BỘ,ブ,"",Bộ phận,Có người đang đứng (立) ở trạm dừng xe.,4,部長(ぶちょう); 部門(ぶもん); 全部(ぜんぶ); 部屋(へや); 胸部(きょうぶ); 局部(きょくぶ); 外部(がいぶ); 軍部(ぐんぶ); 郡部(ぐんぶ); 警部(けいぶ)
必,心; 丿,TẤT,ヒツ,かなら-ず,"Tất yếu, nhất định",Nhất định anh sẽ bắn gục trái tim (心) em.,4,必ず(かならず); 必要(ひつよう); 必死(ひっし); 必携(ひっけい); 必至(ひっし); 必勝(ひっしょう); 必着(ひっちゃく); 必読(ひつどく); 必須(ひっす); 必見(ひっけん)
要,覀; 女,"YẾU, YÊU",ヨウ,い.る; かなめ,"Thiết yếu, điểm chính",Các cô gái (女) thường bỏ những thứ thiết yếu vào trong túi xách.,4,要る(いる); 必要(ひつよう); 要望(ようぼう); 強要(きょうよう); 緊要(きんよう); 概要(がいよう); 肝要(かんよう); 綱要(こうよう); 紀要(きよう); 主要(しゅよう)
荷,艹; 亻; 丁; 口,HÀ,カ,に,"Hành lý, hàng hóa",Từ hành lí nhìn ra đám cỏ. Biết cái gì (何) ai bỏ vào trong.,4,荷物(にもつ); 底荷(そこに); 倉荷(くらに); 脚荷(あしに); 負荷(ふか); 荷重(かじゅう); 荷電(かでん); 出荷(しゅつか); 打荷(だに); 船荷(ふなに)
由,由,DO,ユ; ユウ; ユイ,よし; よ.る,"Nguyên do, nguyên nhân",Đừng mở cái hộp đó ra. Có thứ gì đó thấy là thất kinh,4,理由(りゆう); 経由(けいゆ); 由緒(ゆいしょ); 由布(ゆう); 由来(ゆらい); 事由(じゆう); 自由(じゆう); 因由(いんゆ); 原由(げんゆう); 候由(そうろうよし)
届,尸; 由,GIỚI,カイ,とど-く; とど-ける,"Đến lúc, tới lúc",Tôi được gửi bưu kiện đến tận nhà.,4,届く(とどく); 届け(とどけ); 届出(とどけで); 届書(とどけがき); 届書(とどけしょ)
利,禾; 刂,LỢI,リ,き-く," Nhanh nhẩu, lợi ích, công dụng",Cắt lúa thu được nhiều lợi ích.,4,便利(べんり); 巨利(きょり); 金利(きんり); 利益(りえき); 我利(かり); 月利(げつり); 元利(がんり); 利く(きく); 権利(けんり); 功利(こうり)
払,扌; 厶,PHẤT,フツ; ヒツ; ホツ,はら-う,"Trả, giao nộp",Tớ sẽ trả tiền.,4,払う(はらう); 厄払(やくばらい); 払子(ほっす); 年払(ねんばらい); 払暁(ふつぎょう); 払底(ふってい); 受払(うけはらい); 払い(はらい); 払出(はらいだし); 過払(かばらい)
濯,氵; 羽; 隹,TRẠC,タク,すす-ぐ; ゆす-ぐ,"Rửa, giặt, súc miệng",Giặt giũ vào thứ mấy (曜) đây.,4,濯ぐ(そそぐ); 洗濯(せんたく); 濯ぐ(すすぐ); 濯ぐ(ゆすぐ)
寝,宀; 丬; 彐; 冖; 又,TẨM,シン,ね-る; ね-かす; い-ぬ、 みたまや、 や-める,"Ngủ, lăng mộ",Hai người đang ngủ.,4,寝る(ねる); 寝室(しんしつ); 昼寝(ひるね); 空寝(そらね); 仮寝(かりね); 寝汗(ねあせ); 寝息(ねいき); 寝顔(ねがお); 寝際(ねぎわ); 寝癖(ねぐせ)
踊,口; 龰; 龴; 用,DŨNG,ヨウ,おど-る,Nhảy múa,Cử động chân (足). Múa ở trên tường.,4,踊る(おどる); 舞踊(ぶよう); 踊り(おどり); 踊字(おどりじ); 踊躍(ようやく)
活,氵; 千; 口,"HOẠT, QUẠT",カツ,い-きる; い-かす; い-ける," Sống, hoạt động, hoạt bát",Nếu bạn uống nước thật nhiều.; Trở nên khỏe mạnh là điều tất nhiên,4,活用(かつよう); 生活(せいかつ); 活発(かっぱつ); 活動(かつどう); 賦活(ふかつ); 活気(かっき); 活況(かっきょう); 活計(かっけい); 活劇(かつげき); 活字(かつじ)
末,一; 木,MẠT,マツ; バツ,すえ,"Cuối cùng, ngọn, hậu thế",Cái cây (木) đã đến cuối đời.,4,週末(しゅうまつ); 粗末(そまつ); 結末(けつまつ); 月末(げつまつ); 巻末(かんまつ); 期末(きまつ); 本末(ほんまつ); 年末(ねんまつ); 瑣末(さまつ); 末学(まつがく)
宅,宀; 丿; 七,TRẠCH,タク,"","Nhà cửa, nhà tôi, chồng tôi",Ở nhà thật thích!!,4,居宅(きょたく); 帰宅(きたく); 家宅(かたく); 宅地(たくち); 在宅(ざいたく); 邸宅(ていたく); 自宅(じたく); 転宅(てんたく); 社宅(しゃたく); 住宅(じゅうたく)
祭,示,TẾ,サイ,まつ-る; まつ-り; まつり,"Cúng tế, hội hè","Ngày hội, tôi giành được nhiều thịt trên đàn tế.",4,司祭(しさい); 祭り(まつり); 祭儀(さいぎ); 祭文(さいもん); 祭礼(さいれい); 祭祀(さいし); 祭場(さいじょう); 祭神(さいじん); 祭政(さいせい); 祭壇(さいだん)
平,干; 丷,BÌNH,ヘイ; ビョウ; ヒョウ,たい-ら; だいら; ひら,"Bằng phẳng, bằng nhau, hòa bình","Bây giờ, cái bập bênh đang cân bằng.",4,平野(へいや); 平民(へいみん); 公平(こうへい); 平等(びょうどう); 平鑢(ひらやすり); 開平(かいへい); 不平(ふへい); 平易(へいい); 平温(へいおん); 平穏(へいおん)
和,禾; 口,HÒA,ワ; オ; カ,やわ-らぐ; やわ-らげる; なご-む; なご-やか,"Hòa, trộn lẫn","Trong bữa ăn ở Nhật, luôn đi kèm món cơm.",4,和服(わふく); 調和(ちょうわ); 和室(わしつ); 和食(わしょく); 協和(きょうわ); 講和(こうわ); 漢和(かんわ); 融和(ゆうわ); 宥和(ゆうわ); 和む(なごむ)
戦,⺍; 日; 十; 戈,CHIẾN,セン,いくさ; たたか-う; おのの-く; そよ-ぐ; わなな-く,"Cuộc chiến , chiến tranh",Rất nhiều vũ khí được sử dụng trong chiến tranh.,4,抗戦(こうせん); 百戦(ひゃくせん); 空戦(くうせん); 戦ぐ(そよぐ); 苦戦(くせん); 激戦(げきせん); 決戦(けっせん); 血戦(けっせん); 観戦(かんせん); 戦う(たたかう)
争,⺈; 彐; 亅,TRANH,ソウ,あらそ-う; いか-でか,"Tranh chấp, tranh giành",Người cầm vũ khí bằng tay; Chắc đang chuẩn bị có ngày cạnh tranh.,4,係争(けいそう); 争う(あらそう); 抗争(こうそう); 闘争(とうそう); 紛争(ふんそう); 競争(きょうそう); 争い(あらそい); 戦争(せんそう); 争議(そうぎ); 争乱(そうらん)
政,一; 止; 攵,"CHÁNH, CHÍNH",セイ; ショウ,まつりごと; まん,"Chính trị, chính quyền",Chính phủ nên làm những việc đúng đắn (正).,4,政治(せいじ); 政府(せいふ); 行政(ぎょうせい); 軍政(ぐんせい); 憲政(けんせい); 家政(かせい); 苛政(かせい); 虐政(ぎゃくせい); 国政(こくせい); 郵政(ゆうせい)
治,氵; 厶; 口,TRỊ,ジ; チ,おさ-める; おさ-まる; なお-る; なお-す,"Sửa, chữa trị","Tôi đang cai trị bãi biển này.,",4,治る(なおる); 政治(せいじ); 統治(とうち); 灸治(きゅうじ); 退治(たいじ); 不治(ふじ); 根治(こんじ); 治安(ちあん); 治国(ちこく); 治産(ちさん)
経,糸; 又; 土,KINH,ケイ; キョウ,へ-る; た-つ; たていと; はか-る; のり,"Đi qua, kinh qua",Cày đất và kéo chỉ (糸) ra; Thời gian dài lắm trải qua đã từng.,4,経験(けいけん); 経済(けいざい); 経費(けいひ); 経営(けいえい); 経理(けいり); 経師(きょうじ); 経蔵(きょうぞう); 経机(きょうづくえ); 経染(きょうぞめ); 経典(きょうてん)
済,氵; 亠; 乂; 丿; 丨; 一; 一,TẾ,サイ; セイ,す-む; す-ます,"Xong xuôi, hoàn thành",Viết chữ (文) lên tấm bẳng kia thế là công việc được hoàn tất.,4,経済(けいざい); 決済(けっさい); 既済(きさい); 救済(きゅうさい); 共済(きょうさい); 内済(ないさい); 済世(さいせい); 済度(さいど); 未済(みさい); 返済(へんさい)
法,氵; 土; 厶,PHÁP,ホウ; ハッ; ホッ; フラン,のり,"Hình pháp, pháp luật",Năm ngoái (去年) luật pháp về nước được thi hành.,4,法王(ほうおう); 法案(ほうあん); 文法(ぶんぽう); 方法(ほうほう); 法律(ほうりつ); 公法(こうほう); 工法(こうほう); 航法(こうほう); 合法(ごうほう); 加法(かほう)
律,彳; 肀; 一; 一,LUẬT,リツ; リチ; レツ,"","Phép tắc, quy tắc, luật",Tôi đã viết (書) những quy tắc giao thông.,4,法律(ほうりつ); 規律(きりつ); 戒律(かいりつ); 軍律(ぐんりつ); 調律(ちょうりつ); 定律(ていりつ); 旋律(せんりつ); 韻律(いんりつ); 一律(いちりつ); 厳律(げんりつ)
際,阝; 祭,TẾ,サイ,きわ; -ぎわ,"Bên cạnh, lúc, dịp",Lễ hội (祭) là một sự kiện đặc biệt.,4,際物(きわもの); 客際(かくさい); 国際(こくさい); 山際(やまぎわ); 交際(こうさい); 寝際(ねぎわ); 間際(まぎわ); 際会(さいかい); 際限(さいげん); 水際(みずぎわ)
関,門; 丷; 一; 大,QUAN,カン,せき; かか-わる; からくり; かんぬき,"Liên hệ, cổng vào",Mang quà tặng đến cổng nhà (門); Mối quan hệ tốt để mà dựng xây.,4,玄関(げんかん); 関係(かんけい); 機関(きかん); 関心(かんしん); 関る(かかわる); 関西(かんさい); 関数(かんすう); 関税(かんぜい); 関節(かんせつ); 関東(かんとう)
係,亻; 丿; 糸,HỆ,ケイ,かか-る; かかり; かか-わる,"Ràng buộc, trói buộc, buộc",Con người được kết nối với nhau giống như sợi chỉ (糸).,4,関係(かんけい); 係員(かかりいん); 係長(かかりちょう); 係る(かかる); 係数(けいすう); 係船(けいせん); 係争(けいそう); 係属(けいぞく); 係累(けいるい); 係留(けいりゅう)
義,丷; 一; 丨; 一; 一; 我,NGHĨA,ギ,"","Nghĩa vụ, điều phải, ý nghĩa",Chiến đấu vì những chú cừu (羊); Việc này chính nghĩa là điều tất nhiên.,4,教義(きょうぎ); 義理(ぎり); 義烈(ぎれつ); 原義(げんぎ); 義捐(ぎえん); 義眼(ぎがん); 義旗(ぎき); 義気(ぎき); 疑義(ぎぎ); 義挙(ぎきょ)
議,言; 丷; 一; 丨; 一; 一; 我,NGHỊ,ギ,"",Hội nghị,Câu chuyện bạn kể liệu có đúng (義) hay không?,4,会議(かいぎ); 議了(ぎりょう); 議論(ぎろん); 評議(ひょうぎ); 群議(ぐんぎ); 軍議(ぐんぎ); 閣議(かくぎ); 決議(けつぎ); 議員(ぎいん); 建議(けんぎ)
党,丨; 丷; 冖; 口; 儿,ĐẢNG,トウ,なかま; むら,"Lũ, bè đảng, đảng phái",Anh trai (兄) gia nhập đảng rồi!!!,4,党員(とういん); 党首(とうしゅ); 解党(かいとう); 郷党(きょうとう); 挙党(きょとう); 辛党(からとう); 結党(けっとう); 野党(やとう); 党派(とうは); 党閥(とうばつ)
遊,辶; 斿,DU,ユウ; ユ,あそ-ぶ; あそ-ばす,Vui chơi,Đứa trẻ cầm cờ ra ngoài đi chơi.,4,遊ぶ(あそぶ); 回遊(かいゆう); 外遊(がいゆう); 豪遊(ごうゆう); 遊び(あそび); 交遊(こうゆう); 遊泳(ゆうえい); 遊郭(ゆうかく); 遊学(ゆうがく); 遊戯(ゆうぎ)
泳,氵; 永,VỊNH,エイ,およ-ぐ,Bơi,Tôi đang bơi trong nước.,4,水泳(すいえい); 泳ぐ(およぐ); 継泳(けいえい); 競泳(きょうえい); 胸泳(きょうえい); 遊泳(ゆうえい); 独泳(どくえい); 泳法(えいほう); 遠泳(えんえい); 泳ぎ(およぎ)
疲,疒; 皮,BÍ,ヒ,つか-れる; つか-らす,Mệt mỏi,Anh ấy (彼) bị chứng mỏi lưng; Nên đã đi viện chẳng đừng ngồi đây.,4,疲弊(ひへい); 疲労(ひろう); 疲れ(つかれ)
暖,日; 爫; 一; 友,NOÃN,ダン; ノウ,あたた-かい; あたた-か; あたた-まる; あたた-める,Ấm áp,Bạn bè (友) tay để trong tay; Chỉ cần có thể ấm ngay ấy mà.,4,暖か(あたたか); 寒暖(かんだん); 暖気(だんき); 暖国(だんごく); 暖色(だんそく); 暖流(だんりゅう); 暖炉(だんろ); 暖帯(だんたい); 暖地(だんち); 暖冬(だんとう)
涼,氵; 亠; 口; 小,LƯƠNG,リョウ,すず-しい; すず-む; すず-やか; うす-お; ひや-す; まことに,"Mát mẻ, lạnh, nguội","Mưa rơi xuống kinh đô (京); Trở nên mát mẻ, héo khô chẳng còn.",4,荒涼(こうりょう); 納涼(のうりょう); 涼風(すずかぜ); 涼み(すずみ); 涼む(すずむ); 涼味(りょうみ); 冷涼(れいりょう); 涼雨(りょうう); 涼感(りょうかん); 涼気(りょうき)
静,龶; 月; ⺈; 彐; 亅,TĨNH,セイ; ジョウ,しず-か; しず-まる; しず-める,"Yên lặng, yên tĩnh","Chiến tranh (争) kết thúc, trời xanh (青) khung cảnh nơi đó trở thành tĩnh không.",4,静か(しずか); 閑静(かんせい); 平静(へいせい); 沈静(ちんせい); 鎮静(ちんせい); 静注(じょうちゅう); 静脈(じょうみゃく); 静粛(せいしゅく); 静養(せいよう); 冷静(れいせい)
公,八; 厶,CÔNG,コウ; ク,おおやけ,"Quần chúng, chính thức, công cộng, ",Làm việc vì công chúng thật quá vất vả!,4,公園(こうえん); 公文(こうぶん); 公平(こうへい); 公法(こうほう); 公達(きんだち); 公僕(こうぼく); 公卿(くぎょう); 公事(くじ); 公民(こうみん); 公有(こうゆう)
園,囗; 袁,VIÊN,エン,その,"Vườn, công viên, trang trại","Vào thứ bảy, tôi đi nhảy múa ở công viên.",4,公園(こうえん); 花園(かえん); 学園(がくえん); 園芸(えんげい); 薬園(やくえん); 農園(のうえん); 菜園(さいえん); 茶園(ちゃえん); 庭園(ていえん); 田園(でんえん)
込,辶; 入,VÔ,"",こ-む; こ.み; こ.める,"Đông đúc, bao gồm","Nhiều người cứ bước đi vào (入); Bên trong chắc hẳn ồn ào, chúc chen.",4,込む(こむ); 込み(こみ); 見込(みこみ); 折込(おりこみ); 税込(ぜいこみ); 申込(もうしこみ); 持込(もちこみ)
連,辶; 車,LIÊN,レン,つら-なる; つら-ねる; つ-れる,"Nối liền, liên tục, tiếp nối",Tôi đang lái một chiếc xe (車); Kết nối vùng đất đường về xa xôi.,4,国連(こくれん); 関連(かんれん); 連れ(つれ); 常連(じょうれん); 連日(れんじつ); 連絡(れんらく); 連中(れんちゅう); 一連(いちれん); 連続(れんぞく); 連携(れんけい)
窓,宀; 八; 厶; 心,SONG,ソウ; ス,まど; てんまど; けむだし,Cửa sổ,Hãy mở cửa trái tim (心).,4,窓口(まどぐち); 学窓(がくそう); 風窓(かざまど); 舷窓(げんそう); 獄窓(ごくそう); 同窓(どうそう); 船窓(ふなまど); 丸窓(まるまど); 出窓(でまど); 車窓(しゃそう)
側,亻; 貝; 刂,TRẮC,ソク,かわ; がわ; そば,"Phía, bề",Đặt tiền bên cạnh con dao.,4,側線(そくせん); 側灯(そくとう); 側面(そくめん); 金側(きんがわ); 銀側(ぎんがわ); 外側(そとがわ); 君側(くんそく); 舷側(げんそく); 片側(かたがわ); 獄側(ごくそく)
葉,艹; 世; 木,"DIỆP, DIẾP",ヨウ,は,Lá cây,"Bao phủ khắp thế gian (世) này; Lá cây (木), ngọn cỏ giăng đầy khắp nơi.",4,言葉(ことば); 草葉(くさば); 京葉(けいよう); 紅葉(こうよう); 複葉(ふくよう); 双葉(ふたば); 松葉(まつば); 末葉(まつよう); 葉酸(ようさん); 葉柄(ようへい)
景,日; 亠; 口; 小,CẢNH,ケイ,"","Phong cảnh, cảnh ngộ, hoàn cảnh",Vào ngày (日) tiết khí tốt trời; Kinh đô (京) phong cảnh đẹp tươi rõ ràng.,4,景色(けしき); 背景(はいけい); 近景(きんけい); 景観(けいかん); 景気(けいき); 景況(けいきょう); 景勝(けいしょう); 景品(けいひん); 景物(けいぶつ); 佳景(かけい)
記,言; 巳,KÍ,キ,しる-す,Ghi chép,Anh đã ghi lại những lời em nói.,4,記者(きしゃ); 記録(きろく); 記念(きねん); 左記(さき); 速記(そっき); 勲記(くんき); 軍記(ぐんき); 下記(かき); 官記(かんき); 記憶(きおく)
形,一; 一; 丿; 丨; 彡,HÌNH,ケイ; ギョウ,かた; -がた; かたち; なり," Hình dạng, kiểu dáng",Tôi đang làm thành hình cái gì thế này.,4,形相(ぎょうそう); 髪形(かみがた); 矩形(くけい); 地形(ちけい); 雲形(くもがた); 顔形(かおかたち); 形式(けいしき); 形質(けいしつ); 形象(けいしょう); 形状(けいじょう)
吉,士; 口,CÁT,キチ; キツ,よし,"Tốt lành, may mắn",Hét lên võ sĩ (士) Samurai; “Chúc anh có một ngày mai tốt lành”,4,吉日(きちじつ); 吉凶(きっきょう); 吉事(きつじ); 吉相(きっそう); 吉兆(きっちょう); 吉報(きっぽう); 不吉(ふきつ); 大吉(だいきち); 吉祥(きちじょう); 吉徴(きっちょう)
結,糸; 士; 口,KẾT,ケツ; ケチ,むす-ぶ; ゆ-う; ゆ.わえる,"Nối, buộc, kết",Tôi ngồi kết sợi chỉ (糸) này; Cũng để bảo vệ (吉) những ngày đẹp tươi.,4,結局(けっきょく); 結論(けつろん); 結果(けっか); 団結(だんけつ); 氷結(ひょうけつ); 完結(かんけつ); 結核(けっかく); 結句(けっく); 結語(けつご); 結構(けっこう)
婚,女; 氏; 日,HÔN,コン,"","Kết hôn, cưới hỏi",Cô gái (女) khi đã kết hôn; Họ tên (氏) đã đổi gia môn nhà chồng,4,許婚(きょこん); 結婚(けっこん); 既婚(きこん); 求婚(きゅうこん); 婚約(こんやく); 婚礼(こんれい); 再婚(さいこん); 婚姻(こんいん); 婚家(こんか); 婚期(こんき)
共,一; 丨; 丨; 一; 八,CỘNG,キョウ,とも; とも-に; ども,"Cùng, chung",Anh sẽ luôn bên em!!!,4,共産(きょうさん); 共生(きょうせい); 共著(きょうちょ); 共通(きょうつう); 共存(きょうぞん); 共闘(きょうとう); 共同(きょうどう); 共謀(きょうぼう); 共犯(きょうはん); 共鳴(きょうめい)
供,亻; 一; 丨; 丨; 一; 八,CUNG,キョウ; ク; クウ; グ,とも; そな-える,"Tùy tùng, hầu hạ, dâng nạp",Chúng tôi sẽ cùng nhau (共) giúp đỡ bạn.,4,子供(こども); 供述(きょうじゅつ); 供託(きょうたく); 供与(きょうよ); 供用(きょうよう); 供覧(きょうらん); 供御(くご); 供奉(ぐぶ); 供米(くまい); 供物(くもつ)
両,一; 冂; 山,LƯỠNG,リョウ,てる、 ふたつ,Hai bên,Tôi khiêng đòn gánh hai vai; Đến cửa hàng cá để mai họ bày.,4,両親(りょうしん); 車両(しゃりょう); 両形(ふたなり); 両面(りょうめん); 一両(いちりょう); 両立(りょうりつ); 両眼(りょうがん); 両氏(りょうし); 両者(りょうしゃ); 両手(りょうて)
若,艹; 右,"NHƯỢC, NHÃ",ジャク; ニャク; ニャ,わか-い; わか; も-しくわ; も-し; も-しくは; ごと-し,"Trẻ tuổi, nếu như",Tôi dùng tay phải (右). Hái lộc vừa ra.,4,若い(わかい); 若し(もし); 杜若(かきつばた); 若年(じゃくねん); 若輩(じゃくはい); 若干(じゃっかん); 若者(わかもの); 老若(ろうにゃく); 若手(わかて); 若人(わこうど)
老,耂; 匕,LÃO,ロウ,お-いる; ふ-ける,Già,Người chống gậy chính ông tôi.; Còn bà người vẫn đang ngồi dưới kia.,4,老人(ろうじん); 敬老(けいろう); 家老(かろう); 元老(げんろう); 不老(ふろう); 故老(ころう); 海老(えび); 養老(ようろう); 老い(おい); 老婆(ろうば)
息,自; 心,TỨC,ソク,いき,"Hơi thở, than vãn",Muốn giữ nhịp đập trái tim (心); Thì mũi phải thở không kìm được đâu.,4,息子(むすこ); 休息(きゅうそく); 溜息(ためいき); 寝息(ねいき); 姑息(こそく); 窒息(ちっそく); 子息(しそく); 吐息(といき); 消息(しょうそく); 息み(いきみ)
娘,女; 丨; 艮,NƯƠNG,ジョウ,むすめ,"Nàng, con gái",Con gái (女) tôi là đứa trẻ ngoan (良).,4,孫娘(まごむすめ); 生娘(きむすめ); 小娘(こむすめ); 娘婿(むすめむこ); 娘心(むすめごころ); 継娘(ままむすめ); 愛娘(まなむすめ); 令娘(れいじょう)
奥,丿; 冂; 米; 大,ÁO,オウ; オク,おく; おく-まる; くま,Bên trong,Hộp lớn (大) tôi đặt gạo (米) vào; Bảo quản trong đó cách nào tốt hơn.,4,山奥(やまおく); 胸奥(きょうおう); 内奥(ないおう); 奥様(おくさま); 奥義(おうぎ); 奥妙(おくたえ); 奥行(おくゆき); 奥意(おくい); 奥印(おくいん); 奥山(おくやま)
将,丬; 爫; 寸,TƯƠNG,ショウ; ソウ,"","Chỉ huy, cấp tướng, sắp, sẽ",Tướng quân đang nghĩ về tương lai.,4,将来(しょうらい); 大将(たいしょう); 代将(だいしょう); 副将(ふくしょう); 勇将(ゆうしょう); 将軍(しょうぐん); 少将(しょうしょう); 闘将(とうしょう); 将校(しょうこう); 王将(おうしょう)
祖,礻; 且,TỔ,ソ,"","Tổ tiên, người sáng lập ra",Cùng nhau đến mộ tổ tiên.,4,祖父(そふ); 祖母(そぼ); 教祖(きょうそ); 祖国(そこく); 祖絨(そじゅう); 祖先(そせん); 元祖(がんそ); 皇祖(こうそ); 高祖(こうそ); 同祖(どうそ)
育,亠; 厶; 月,DỤC,イク,そだ-つ; そだ-てる; はぐく-む, Nuôi dưỡng,Vừa lớn vừa ngắm mặt trăng (月).,4,体育(たいいく); 教育(きょういく); 薫育(くんいく); 養育(よういく); 知育(ちいく); 保育(ほいく); 飼育(しいく); 育児(いくじ); 育つ(そだつ); 育成(いくせい)
性,忄; 生,TÍNH,セイ; ショウ,さが,"Giới tính, giống","Lúc được sinh ra (生), chúng ta đã biết được giới tính của mình.",4,男性(だんせい); 女性(じょせい); 相性(あいしょう); 品性(ひんせい); 劇性(げきせい); 乾性(かんせい); 感性(かんせい); 慣性(かんせい); 気性(きしょう); 苛性(かせい)
招,扌; 刀; 口,"CHIÊU, THIÊU, THIỀU",ショウ,まね-く,"Vẫy, mời ",Tôi sẽ chiêu đãi anh bữa tiệc này.,4,招く(まねく); 招宴(しょうえん); 招集(しょうしゅう); 招待(しょうたい); 招致(しょうち); 招き(まねき); 招魂(しょうこん); 招請(しょうせい); 招来(しょうらい); 招聘(しょうへい)
取,耳; 又,THỦ,シュ,と.る; と.り; と.り-; とり; -ど.り,Lấy,Đừng véo tai tao!,4,取る(とる); 隈取(くまどり); 看取(かんしゅ); 頭取(とうどり); 取柄(とりえ); 取得(しゅとく); 取次(とりつぎ); 取引(とりひき); 名取(なとり); 搾取(さくしゅ)
最,日; 耳; 又,TỐI,サイ; シュ,もっと-も; つま,"Rất, giỏi hơn, cao nhất",Lấy (取) được mặt trời (日) bằng tay là việc cực kì khó khăn.,4,最後(さいご); 最初(さいしょ); 最近(さいきん); 最も(もっとも); 最寄(もより); 最中(さいちゅう); 最愛(さいあい); 最悪(さいあく); 最強(さいきょう); 最古(さいこ)
初,衤; 刀,SƠ,ショ,はじ-め; はじ-めて; はつ,"Mới, trước, đầu tiên","Khi làm Kimono, đầu tiên phải cắt vải bằng dao (刀).",4,最初(さいしょ); 仮初(かりそめ); 国初(こくしょ); 本初(ほんしょ); 当初(とうしょ); 初夏(しょか); 初学(しょがく); 初期(しょき); 初級(しょきゅう); 初句(しょく)
番,丿; 米; 田,PHIÊN,バン,つが-い,"Lần lượt, số thứ tự",Thu hoạch luân phiên lúa (米) trên đồng (田).,4,順番(じゅんばん); 一番(いちばん); 交番(こうばん); 蝶番(ちょうつがい); 非番(ひばん); 勤番(きんばん); 森番(もりばん); 欠番(けつばん); 山番(やまばん); 当番(とうばん)
歳,止; 丿; 戈; 一; 小,TUẾ,セイ; サイ,とし; とせ; よわい,"Năm, tuổi",Dừng (止) ngay việc hỏi tuổi của tôi.,4,何歳(なんさい); 歳計(さいけい); 歳月(さいげつ); 歳々(さいさい); 歳末(さいまつ); 歳出(さいしゅつ); 歳入(さいにゅう); 歳費(さいひ); 歳暮(せいぼ); 一歳(いっさい)
枚,木; 攵,MAI,マイ; バイ,"","Tấm, tờ",Tôi đã làm được một tờ giấy từ cây (木).,4,二枚(にまい); 三枚(さんまい); 一枚(いちまい); 大枚(たいまい); 何枚(なんまい); 枚挙(まいきょ); 枚数(まいすう); 数枚(すうまい)
冊,冂; 丨; 丨; 一,SÁCH,サツ; サク,ふみ,Quyển sách,"Bó giấy lại, ta sẽ làm được một cuốn sách.",4,一冊(いっさつ); 冊子(さっし); 短冊(たんざく); 分冊(ぶんさつ); 別冊(べっさつ); 合冊(がっさつ); 合冊(ごうさつ); 各冊(かくさつ); 大冊(たいさつ); 数冊(すうさつ)
億,亻; 立; 日; 心,ỨC,オク,"",Một trăm triệu (100.000.000),"Một trăm triệu người, mỗi người có một ý (意) chí khác nhau.",4,一億(いちおく); 巨億(きょおく); 億劫(おっくう); 億兆(おくちょう); 億円(おくえん); 億万(おくまん); 千億(せんおく); 十億(じゅうおく)
点,卜; 口; 灬,ĐIỂM,テン,つ-ける; つ-く; た-てる; さ-す; とぼ-す; とも-す; ぼち,Điểm,4 điểm đang được đóng dấu.,4,極点(きょくてん); 拠点(きょてん); 氷点(ひょうてん); 句点(くてん); 盲点(もうてん); 欠点(けってん); 観点(かんてん); 眼点(がんてん); 原点(げんてん); 減点(げんてん)
階,阝; 比; 白,GIAI,カイ,きざはし,"Bậc, tầng lầu",Mọi người (皆) đang ở trên xe bus 2 tầng.,4,段階(だんかい); 階段(かいだん); 階名(かいめい); 階廊(かいろう); 二階(にかい); 地階(ちかい); 職階(しょっかい); 階上(かいじょう); 階乗(かいじょう); 階層(かいそう)
段,几; 又,ĐOẠN,ダン; タン,"","Bậc thang, nấc, giai đoạn",Tôi đang làm cầu thang bằng đá.,4,段階(だんかい); 値段(ねだん); 階段(かいだん); 格段(かくだん); 下段(げだん); 多段(ただん); 段菊(だんぎく); 手段(しゅだん); 後段(こうだん); 普段(ふだん)
号,口; 丂,HIỆU,ゴウ,さけ-ぶ; よびな,"Số, dấu hiệu","Hãy nói số hiệu bằng giọng to, rõ ràng.",4,信号(しんごう); 哀号(あいごう); 加号(かごう); 雅号(がごう); 減号(げんごう); 記号(きごう); 号俸(ごうほう); 号砲(ごうほう); 号令(ごうれい); 屋号(やごう)
倍,亻; 立; 口,BỘI,バイ,"","Gấp đôi, tăng lên",Người này cao gấp bội người kia.,4,二倍(にばい); 五倍(ごばい); 倍増(ばいぞう); 倍代(ばいだい); 倍率(ばいりつ); 三倍(さんばい); 倍加(ばいか); 一倍(いちばい); 千倍(せんばい); 数倍(すうばい)
次,冫; 丿; 乛; 人,THỨ,ジ; シ,つ-ぐ; つぎ,"Lần lượt, kế tiếp","Mở miệng lớn ra, hét: “Tiếp theo!”",4,次官(じかん); 目次(もくじ); 月次(げつじ); 野次(やじ); 高次(こうじ); 取次(とりつぎ); 順次(じゅんじ); 今次(こんじ); 二次(にじ); 次回(じかい)
々,"","","","",Dấu chỉ sự lặp lại ,Cái này biểu hiện sự lặp lại.,4,島々(しまじま); 時々(ときどき); キー(キー); 色々(いろいろ); 続々(ぞくぞく); 下々(しもじも); 近々(ちかぢか); 区々(くく); 口々(くちぐち); 青々(あおあお)
他,亻; 也,THA,タ,ほか,Khác,Tôi muốn nuôi một con vật khác không phải bọ cạp.,4,愛他(あいた); 他し(あだし); 他愛(たあい); 他国(たこく); 他日(たじつ); 他方(たほう); 他人(たにん); 他社(たしゃ); 他者(たしゃ); 他殺(たさつ)
勝,月; 丷; 一; 一; 人; 力,THẮNG,ショウ,か-つ; が-ち; まさ-る; すぐ-れる; か-つ,Chiến thắng,Chiến thắng vào thứ hai (月) không phải thứ ba (火).,4,勝つ(かつ); 勝気(かちき); 景勝(けいしょう); 完勝(かんしょう); 決勝(けっしょう); 健勝(けんしょう); 奇勝(きしょう); 勝ち(かち); 勝鬨(かちどき); 勝手(かって)
負,⺈; 貝,PHỤ,フ,ま-ける; ま-かす; お-う,"Thua, tiêu cực, chịu đựng",Người thua trả tiền.,4,自負(じふ); 負荷(ふか); 負極(ふきょく); 負号(ふごう); 負債(ふさい); 負傷(ふしょう); 負性(ふせい); 負担(ふたん); 負量(ふりょう); 勝負(しょうぶ)
賛,一; 一; 人; 一; 一; 人; 貝,TÁN,サン,たす-ける; たた-える,"Tán thành, đồng ý","Chồng (夫) mang con ốc (貝) to về; Mọi người tán thưởng, tung hê rất nhiều.",4,賛成(さんせい); 協賛(きょうさん); 熱賛(ねっさん); 賛意(さんい); 賛歌(さんか); 賛助(さんじょ); 賛否(さんぴ); 賞賛(しょうさん); 自賛(じさん); 称賛(しょうさん)
成,丿; 戈,THÀNH,セイ; ジョウ,な-る; な-す,"Thành tựu, hoàn thành ",Vũ khí tôi vẫn đang dùng; Sứ mệnh đó đã làm xong được rồi.,4,成人(せいじん); 賛成(さんせい); 速成(そくせい); 偶成(ぐうせい); 激成(げきせい); 結成(けっせい); 完成(かんせい); 風成(ふうせい); 原成(げんせい); 減成(げんせい)
絶,糸; 色,TUYỆT,ゼツ,た-える; た-やす; た-つ,"Tuyệt giao, cắt đứt, chia rẽ",Màu sắc (色) của cuộn chỉ (糸) này; Không được làm nữa có ngày bị quên,4,拒絶(きょぜつ); 冠絶(かんぜつ); 気絶(きぜつ); 義絶(ぎぜつ); 悶絶(もんぜつ); 断絶(だんぜつ); 根絶(こんぜつ); 謝絶(しゃぜつ); 絶好(ぜっこう); 絶滅(ぜつめつ)
対,亠; 乂; 寸,ĐỐI,タイ; ツイ,あいて; こた-える; そろ-い; つれあ.い; なら-ぶ; むか-う,Đối với,Anh phản đối em!,4,反対(はんたい); 対価(たいか); 対外(たいがい); 対岸(たいがん); 対決(たいけつ); 対抗(たいこう); 対策(たいさく); 対照(たいしょう); 対称(たいしょう); 対象(たいしょう)
続,糸; 士; 冖; 儿,TỤC,ゾク; ショク; コウ; キョウ,つづ.く; つづ.ける; つぐ.ない,"Tiếp tục, chuỗi",Tôi vẫn tiếp tục bán (売) chỉ (糸).,4,続く(つづく); 続出(ぞくしゅつ); 続々(ぞくぞく); 続発(ぞくはつ); 続編(ぞくへん); 続落(ぞくらく); 勤続(きんぞく); 継続(けいぞく); 存続(そんぞく); 後続(こうぞく)
辞,千; 口; 立; 十,TỪ,ジ,や.める; いな.む,"Bày tỏ, từ chức",Kiểm tra một nghìn (千) chữ bằng từ điển thật sự là khổ sở (辛) quá đi.,4,辞書(じしょ); 告辞(こくじ); 言辞(げんじ); 題辞(だいじ); 固辞(こじ); 辞意(じい); 式辞(しきじ); 辞職(じしょく); 辞世(じせい); 辞退(じたい)
投,扌; 几; 又,ĐẦU,トウ,な-げる,"Ném, quẳng đi",Dùng tay ném đá.,4,投資(とうし); 恵投(けいとう); 投入(とうにゅう); 投票(とうひょう); 投錨(とうびょう); 好投(こうとう); 投げ(なげ); 財投(ざいとう); 投編(とうあみ); 投影(とうえい)
選,辶; 己; 己; 一; 丨; 丨; 一; 八,TUYỂN,セン,えら-ぶ,Chọn lựa,Cùng (共) chọn ra người đứng đầu nào mọi người.,4,決選(けっせん); 官選(かんせん); 厳選(げんせん); 公選(こうせん); 本選(ほんせん); 婦選(ふせん); 普選(ふせん); 浮選(ふせん); 互選(ごせん); 再選(さいせん)
約,糸; 勹; 丶,ƯỚC,ヤク,つづ.まる; つづ.める; つづま.やか,"Điều ước, lời hứa, ước chừng",Hãy nắm lấy một lượng chỉ (糸) thích hợp.,4,予約(よやく); 約束(やくそく); 協約(きょうやく); 解約(かいやく); 契約(けいやく); 確約(かくやく); 簡約(かんやく); 倹約(けんやく); 約定(やくじょう); 約数(やくすう)
速,辶; 束,TỐC,ソク,はや-い; はや-める; すみ-やか,"Tốc độ, nhanh",Tôi nhanh chóng gửi bó (束) hoa này.,4,速い(はやい); 速達(そくたつ); 速成(そくせい); 速断(そくだん); 速度(そくど); 速報(そくほう); 速力(そくりょく); 速記(そっき); 風速(ふうそく); 原速(げんそく)
守,宀; 寸,"THỦ, THÚ",シュ; ス,まも-る; まも-り; もり; かみ,"Giữ, coi",Chiếc chìa khóa này để giữ nhà.,4,守る(まもる); 留守(るす); 守役(もりやく); 監守(かんしゅ); 看守(かんしゅ); 堅守(けんしゅ); 厳守(げんしゅ); 守旧(しゅきゅう); 保守(ほしゅ); 好守(こうしゅ)
過,辶; 冎; 口,QUÁ,カ,す-ぎる; す-ぎ; す-ごす; あやま-つ; あやま-ち; よ-ぎる,"Vượt quá, lỗi",Hãy đi qua tòa nhà lớn bên con đường đó.,4,過去(かこ); 過褒(かほう); 過密(かみつ); 過紋(かもん); 過客(かかく); 経過(けいか); 過労(かろう); 黙過(もっか); 看過(かんか); 過激(かげき)
夢,艹; 罒; 冖; 夕,MỘNG,ム; ボウ,ゆめ; ゆめ-みる; くら-い," Chiêm bao, nằm mơ, ao ước","Buổi tối (夕), trong mơ tôi đã nhìn thấy thảo nguyên.",4,悪夢(あくむ); 夢現(ゆめうつつ); 夢路(ゆめじ); 夢幻(むげん); 逆夢(さかゆめ); 夢想(むそう); 夢中(むちゅう); 夢魔(むま); 迷夢(めいむ); 初夢(はつゆめ)
的,白; 勹; 丶,"ĐÍCH, ĐỂ",テキ,まと,"Đích thực, đích xác, mục tiêu",Đây là cái đích màu trắng (白).,4,目的(もくてき); 外的(がいてき); 狂的(きょうてき); 金的(きんてき); 劇的(げきてき); 公的(こうてき); 内的(ないてき); 肉的(にくてき); 的確(てっかく); 人的(じんてき)
飛,飛,PHI,ヒ,と-ぶ; と-ばす,Chim đang bay dang rộng đôi cánh.,Chim đang bay dang rộng đôi cánh.,4,飛報(ひほう); 飛躍(ひやく); 雄飛(ゆうひ); 突飛(とっぴ); 飛ぶ(とぶ); 飛沫(しぶき); 飛蝗(ばった); 飛散(ひさん); 飛竜(ひりゅう); 飛魚(トビウオ)
機,木; 幺; 幺; 戈; 人,CƠ,キ,はた,"Cơ hội, cơ khí, máy móc",Chúng tôi sử dụng máy gỗ (木) để dệt vải từ sợi chỉ (糸).,4,機械(きかい); 機関(きかん); 機雷(きらい); 機略(きりゃく); 愛機(あいき); 軍機(ぐんき); 契機(けいき); 機運(きうん); 機影(きえい); 機縁(きえん)
失,丿; 一; 一; 人,THẤT,シツ,うしな-う; う-せる,"Mất mát, sai lầm",Chồng (夫) tôi bị mất việc nên đang đứng khóc.,4,過失(かしつ); 損失(そんしつ); 麩失(ふしつ); 紛失(ふんしつ); 焼失(しょうしつ); 失意(しつい); 失火(しっか); 失業(しつぎょう); 失敬(しっけい); 失策(しっさく)
鉄,金; 丿; 一; 一; 人,THIẾT,テツ,くろがね,Sắt ,Sắt (失) sẽ thua về giá trị nếu so với vàng (金).,4,鉄橋(てっきょう); 塊鉄(かいてつ); 金鉄(きんてつ); 屑鉄(くずてつ); 撃鉄(げきてつ); 含鉄(がんてつ); 鉄鋼(てっこう); 鉄梃(かなてこ); 国鉄(こくてつ); 鋼鉄(こうてつ)
速,辶; 束,TỐC,ソク,はや-い; はや-める; すみ-やか,"Tốc độ, nhanh",Tôi nhanh chóng gửi bó (束) hoa này.,4,速い(はやい); 速達(そくたつ); 速成(そくせい); 速断(そくだん); 速度(そくど); 速報(そくほう); 速力(そくりょく); 速記(そっき); 風速(ふうそく); 原速(げんそく)
遅,辶; 尸; 羊,TRÌ,チ,おく-れる; おく-らす; おそ-い,"Chậm trễ, chậm chạp, quá hạn",Một con cừu (羊) đang nghỉ nên nó đã đến muộn.,4,遅い(おそい); 巧遅(こうち); 遅延(ちえん); 遅疑(ちぎ); 遅刻(ちこく); 遅参(ちさん); 遅速(ちそく); 遅滞(ちたい); 遅々(ちち); 遅着(ちちゃく)
駐,馬; 丶; 王,TRÚ,チュウ,"","Dừng lại, cư trú",Người chủ (主) và con ngựa (馬) đang ở đây.,4,駐英(ちゅうえい); 駐在(ちゅうざい); 駐車(ちゅうしゃ); 駐独(ちゅうどく); 駐日(ちゅうにち); 駐仏(ちゅうふつ); 駐米(ちゅうべい); 常駐(じょうちゅう); 移駐(いちゅう); 進駐(しんちゅう)
泊,氵; 白,"BẠC, PHÁCH",ハク; バク; ヒャク,とま-る; うす-い,"Dừng lại, nghỉ lại",Tôi trọ lại tại một khách sạn màu trắng (白).,4,外泊(がいはく); 仮泊(かはく); 停泊(ていはく); 宿泊(しゅくはく); 一泊(いっぱく); 夜泊(やはく); 淡泊(たんぱく); 泊り(とまり); 泊る(とまる); 泊地(はくち)
船,舟; 八; 口,THUYỀN,セン,ふね; ふな-,Cái thuyền,Chiếc thuyền này chắc là 8 người (八) có thể lên được.,4,船舶(せんぱく); 船便(ふなびん); 巨船(きょせん); 漁船(ぎょせん); 係船(けいせん); 下船(げせん); 艦船(かんせん); 風船(ふうせん); 汽船(きせん); 客船(きゃくせん)
座,广; 人; 人; 土,TỌA,ザ,すわ-る,"Ngồi, quỳ gối, chòm sao",Hai người (人) đang ngồi trên mặt đất.,4,講座(こうざ); 星座(せいざ); 玉座(ぎょくざ); 金座(きんざ); 上座(かみざ); 車座(くるまざ); 下座(げざ); 台座(だいざ); 口座(こうざ); 高座(こうざ)
席,广; 廿; 巾,TỊCH,セキ,むしろ,Chỗ ngồi,Cửa hàng này có 21 chỗ ngồi.,4,即席(そくせき); 空席(くうせき); 相席(あいせき); 欠席(けっせき); 貸席(かしせき); 議席(ぎせき); 客席(きゃくせき); 打席(だせき); 首席(しゅせき); 出席(しゅっせき)
島,山,ĐẢO,トウ,しま,Đảo,Con chim (鳥) dang nghỉ trên núi (山) có ở hòn đảo đó.,4,島々(しまじま); 列島(れっとう); 小島(こじま); 半島(はんとう); 群島(ぐんとう); 本島(ほんとう); 中島(なかじま); 孤島(ことう); 島民(とうみん); 離島(りとう)
陸,阝; 土; 儿; 土,LỤC,リク; ロク,おか,Đất liền,Ở đây chỉ có trạm dừng xe bus.,4,陸橋(りっきょう); 大陸(たいりく); 空陸(くうりく); 海陸(かいりく); 内陸(ないりく); 着陸(ちゃくりく); 揚陸(ようりく); 上陸(じょうりく); 水陸(すいりく); 離陸(りりく)
港,氵; 一; 丨; 丨; 一; 八; 巳,CẢNG,コウ,みなと,"Khu vực đỗ tàu, thuyền",Mọi người cùng (共) tập hợp tại cảng nào.,4,空港(くうこう); 漁港(ぎょこう); 軍港(ぐんこう); 河港(かこう); 寄港(きこう); 帰港(きこう); 港湾(こうわん); 港税(こうぜい); 出港(しゅっこう); 内港(ないこう)
橋,木; 丿; 大; 口; 冂; 口,KIỀU,キョウ,はし,Cây cầu,Đây là một tòa nhà và một cái cầu được làm bằng cây (木) gỗ.,4,陸橋(りっきょう); 鉄橋(てっきょう); 橋梁(きょうりょう); 艦橋(かんきょう); 橋脚(きょうきゃく); 土橋(どばし); 船橋(ふなばし); 地橋(ちきょう); 桟橋(さんばし); 吊橋(つりばし)
交,亠; 八; 乂,GIAO,コウ,ま-じる; ま-ざる; まじ-える; ま-ぜる; まじ-わる; か-う,"Giao lưu, giao thông",Bố (父) đang băng qua ngã tư.,4,交通(こうつう); 交番(こうばん); 外交(がいこう); 交友(こうゆう); 交遊(こうゆう); 交流(こうりゅう); 旧交(きゅうこう); 交易(こうえき); 交感(こうかん); 交換(こうかん)
申,申,THÂN,シン,もう-す; もうーし; さる,"Nói, trình bày",Thần sấm nói với tôi rằng: “Ta là sấm”,4,申す(もうす); 具申(ぐしん); 内申(ないしん); 申告(しんこく); 申請(しんせい); 上申(じょうしん); 答申(とうしん); 庚申(こうしん); 申込(もうしこみ); 申出(もうしで)
神,礻; 申,THẦN,シン; ジン,かみ; かん; こう,Thần thánh,Người 亻này vươn 伸 cổ ra xem thần sấm 神.,4,神学(しんがく); 神様(かみさま); 神棚(かみだな); 神代(かみよ); 軍神(ぐんしん); 敬神(けいしん); 神楽(かぐら); 神主(かんぬし); 鬼神(きしん); 入神(にゅうしん)
様,木; 丷; 一; 一; 一; 氺,DẠNG,ヨウ; ショウ,さま; さん,"Ngài, cách thức","Có các bộ dạng của cây (木), cừu (羊), và nước (水).",4,王様(おうさま); 様子(ようす); 神様(かみさま); 斯様(かよう); 模様(もよう); 各様(かくよう); 文様(もんよう); 左様(さよう); 逆様(さかさま); 様式(ようしき)
信,亻; 言,TÍN,シン,しん-じる,"Tin, tin cậy, tín nhiệm",Tôi tin tưởng những gì người ấy nói (言).; Hay: Con người 人 đã nói 言 thì phải giữ chữ tín 信,4,信号(しんごう); 信者(しんじゃ); 信念(しんねん); 自信(じしん); 信頼(しんらい); 狂信(きょうしん); 俗信(ぞくしん); 確信(かくしん); 花信(かしん); 過信(かしん)
調,言; 周,"ĐIỀU, ĐIỆU",チョウ,しら-べる; しら-べ; ととの-う; ととの-える,"Điều tra, nhịp điệu",Tôi đã nói (言) điều tra một vòng (周).,4,音調(おんちょう); 口調(くちょう); 調和(ちょうわ); 調子(ちょうし); 調査(ちょうさ); 協調(きょうちょう); 強調(きょうちょう); 曲調(きょくちょう); 空調(くうちょう); 哀調(あいちょう)
査,木; 且,TRA,サ,"","Tìm tòi, xét hỏi",Tôi đã kiểm tra cái bia mộ ở dưới cây (木).,4,検査(けんさ); 調査(ちょうさ); 監査(かんさ); 鑑査(かんさ); 考査(こうさ); 巡査(じゅんさ); 査定(さてい); 査問(さもん); 査証(さしょう); 査閲(さえつ)
相,木; 目,"TƯƠNG, TƯỚNG",ソウ; ショウ,あい,"Cùng chung, qua lại lẫn nhau",Hãy nhìn cái cây (木). Mắt (目) bạn và nó đang hướng về phía nhau.,4,首相(しゅしょう); 相手(あいて); 形相(ぎょうそう); 相方(あいかた); 相客(あいきゃく); 相子(あいこ); 相性(あいしょう); 相棒(あいぼう); 相婿(あいむこ); 相宿(あいやど)
談,言; 火; 火,ĐÀM,ダン,"","Bàn bạc, thảo luận",Nói chuyện bên ngọn lửa (火) nào!,4,軍談(ぐんだん); 芸談(げいだん); 面談(めんだん); 閑談(かんだん); 厳談(げんだん); 奇談(きだん); 綺談(きだん); 談義(だんぎ); 談合(だんごう); 談笑(だんしょ)
案,宀; 女; 木,ÁN,アン,つくえ,"Đề xuất, phương án",Tôi bình tĩnh (安) lập nên một phương án bằng cây (木).,4,答案(とうあん); 法案(ほうあん); 具案(ぐあん); 愚案(ぐあん); 検案(けんあん); 原案(げんあん); 起案(きあん); 代案(だいあん); 教案(きょうあん); 公案(こうあん)
内,冂; 人,"NỘI, NẠP",ナイ; ダイ,うち,"Bên trong, ở giữa",Người đó (人) đi vào trong cái hộp to.,4,内閣(ないかく); 内気(うちき); 屋内(おくない); 区内(くない); 境内(けいだい); 学内(がくない); 管内(かんない); 館内(かんない); 圏内(けんない); 家内(かない)
君,尹; 口,QUÂN,クン,きみ; ぎみ,"Cậu, bạn, mày (chỉ người con trai)",Đức vua truyền mệnh lệnh bằng quyền trượng và miệng (口).,4,君恩(くんおん); 君主(くんしゅ); 君臣(くんしん); 君公(くんこう); 君国(くんこく); 君子(くんし); 君側(くんそく); 君寵(くんちょう); 君民(くんみん); 君命(くんめい)
達,辶; 土; 羊,ĐẠT,タツ; ダ,-たち,"Đi đến, đạt được","Con cừu (羊) chở đất (土), cuối cùng cũng đã đến nơi.",4,速達(そくたつ); 到達(とうたつ); 公達(きんだち); 友達(ともだち); 口達(こうたつ); 達者(たっしゃ); 達成(たっせい); 内達(ないたつ); 配達(はいたつ); 調達(ちょうだつ)
星,日; 生,TINH,セイ; ショウ,ほし,Sao,Tôi nghĩ là sao được sinh (生) ra từ mặt trời (日)?,4,水星(すいせい); 金星(きんせい); 火星(かせい); 木星(もくせい); 星座(せいざ); 衛星(えいせい); 彗星(すいせい); 流星(りゅうせい); 巨星(きょせい); 群星(ぐんせい)
雪,雨; 彐,TUYẾT,セツ,ゆき,Tuyết,"“Mưa (雨) hay sao ấy nhỉ?”; “Không phải, chạm vào thử xem, là tuyết đấy”",4,風雪(ふうせつ); 降雪(こうせつ); 豪雪(ごうせつ); 雪見(ゆきみ); 根雪(ねゆき); 雪崩(なだれ); 吹雪(ふぶき); 粉雪(こなゆき); 残雪(ざんせつ); 小雪(こゆき)
降,阝; 夂; 㐄,GIÁNG,コウ; ゴ,お-りる; お-ろす; ふ-る; ふ-り; くだ-る; くだ-す,"Xuống, rơi",Tôi xuống ở điểm dừng xe bus đó.,4,降る(ふる); 降臨(こうりん); 下降(かこう); 滑降(かっこう); 降雨(こうう); 降下(こうか); 降嫁(こうか); 降灰(こうかい); 降格(こうかく); 降参(こうさん)
直,十; 目,TRỰC,チョク; ジキ; ジカ,ただ-ちに; なお-す; なお-る; なお-き; す-ぐ,"Thẳng thắn, ngay thẳng, sửa chữa","Nhìn này chỗ đó bị hỏng, sửa nó thôi nhỉ?",4,率直(そっちょく); 直情(ちょくじょう); 直す(なおす); 素直(すなお); 直接(ちょくせつ); 直刃(ちょくば); 直角(ちょっかく); 曲直(きょくちょく); 謹直(きんちょく); 愚直(ぐちょく)
危,⺈; 厂; 㔾,NGUY,キ,あぶ-ない; あや-うい,"Nguy hiểm, hiểm nghèo",Hãy nhìn hòn đá phía trên vách núi! Nguy hiểm quá!,4,危険(きけん); 危害(きがい); 危機(きき); 危急(ききゅう); 危矩(きく); 危殆(きたい); 危地(きち); 危篤(きとく); 危難(きなん); 安危(あんき)
険,阝; 人; 一; 口; 人,HIỂM,ケン,けわ-しい,"Nguy hiểm, mạo hiểm",Người này (人) đang nhìn ngọn núi hiểm trở.,4,危険(きけん); 険悪(けんあく); 険峻(けんしゅん); 険所(けんしょ); 険阻(けんそ); 険相(けんそう); 険難(けんなん); 険路(けんろ); 保険(ほけん); 陰険(いんけん)
拾,扌; 人; 一; 口,THẬP,シュウ; ジュウ,ひろ-う; じゅう,"Thu thập, nhặt nhạnh",Tôi nhặt được tờ 1 vạn yên từ thùng rác.,4,拾う(ひろう); 拾得(しゅうとく); 収拾(しゅうしゅう); 拾遺(しゅうい); 拾集(しゅうしゅう)
捨,扌; 人; 土; 口,XẢ,シャ,す-てる,Vứt bỏ,Thứ bảy (土) là ngày đổ rác.,4,喜捨(きしゃ); 用捨(ようしゃ); 取捨(しゅしゃ); 捨金(すてがね); 捨値(すてね); 捨身(すてみ); 捨子(すてご); 捨象(しゃしょう); 捨場(すてば); 捨身(しゃしん)
戻,戶; 大,LỆ,レイ,もど-る; もど-す,"Trở lại, quay lại, hồi phục lại","Anh ấy đã lớn (大) hơn, trở lại chốn cũ và bây giờ đang ở trước cửa (戸).",4,戻す(もどす); 戻る(もどる); 戻し(もどし); 切戻(せつらい); 戻り(もどり)
吸,口; 及,HẤP,キュウ,す-う,"Hút vào, hấp thụ",Tôi hít vào khói thuốc.,4,吸う(すう); 呼吸(こきゅう); 吸引(きゅういん); 吸飲(きゅういん); 吸気(きゅうき); 吸血(きゅうけつ); 吸収(きゅうしゅう); 吸着(きゅうちゃく); 吸入(きゅうにゅう); 吸殻(すいがら)
放,方; 攵,"PHÓNG, PHỎNG",ホウ,はな-す; はな-つ; はな-れる; ほう-る,Giải phóng,Chúng tôi được giải phóng dưới cờ.,4,解放(かいほう); 開放(かいほう); 放く(こく); 奔放(ほんぽう); 放逸(ほういつ); 放火(ほうか); 放棄(ほうき); 放校(ほうこう); 放恣(ほうし); 放射(ほうしゃ)
変,亦; 夂,BIẾN,ヘン,か-わる; か-わり; か-える,"Kỳ lạ, thay đổi",Anh ấy mặc bộ quần áo khác người.,4,変人(へんじん); 変動(へんどう); 大変(たいへん); 硬変(こうへん); 凶変(きょうへん); 可変(かへん); 壊変(かいへん); 改変(かいへん); 激変(げきへん); 逆変(ぎゃくへん)
歯,止; 凵; 米,XỈ,シ,よわい; は; よわ-い; よわい-する, ,"Dừng (止) nói chuyện, dùng răng nhai kĩ cơm (米) nào.",4,歯茎(はぐき); 歯痛(しつう); 金歯(きんぱ); 犬歯(けんし); 義歯(ぎし); 臼歯(きゅうし); 皓歯(こうし); 前歯(まえば); 乳歯(にゅうし); 鋸歯(のこぎりは)
髪,丨; 一; 一; 一; 一; 厶; 彡; 友,PHÁT,ハツ,かみ,Tóc,Bạn (友) tôi có mái tóc dài (長).,4,長髪(ちょうはつ); 金髪(きんぱつ); 銀髪(ぎんぱつ); 髪形(かみがた); 黒髪(くろかみ); 結髪(けっぱつ); 頭髪(とうはつ); 散髪(さんぱつ); 白髪(しらが); 調髪(ちょうはつ)
絵,糸; 人; 一; 一; 厶,HỘI,カイ; エ,"",Bức tranh,Gặp (会) nhau làm bức tranh thêu.,4,絵画(かいが); 油絵(あぶらえ); 絵本(えほん); 口絵(くちえ); 影絵(かげえ); 枕絵(まくらえ); 水絵(みずえ); 下絵(したえ); 墨絵(すみえ); 絵柄(えがら)
横,木; 黄,HOÀNH,オウ,よこ,Bề ngang,Trong hộp ở cạnh cái cây (木); Lũ trẻ chúng nó ngày ngày vui chơi.,4,真横(まよこ); 横糸(よこいと); 横顔(よこがお); 横型(よこがた); 横紙(よこがみ); 縦横(じゅうおう); 横領(おうりょう); 横溢(おういつ); 横行(おうこう); 横死(おうし)
当,丨; 丷; 彐,"ĐƯƠNG, ĐÁNG",トウ,あ-たる; あ-たり; あ-てる; あ-て; まさ-に; まさ-にべし,"Tương đương, tương ứng",Mũi tên trúng đích.,4,弁当(べんとう); 当地(とうち); 芸当(げいとう); 勘当(かんどう); 見当(けんとう); 肩当(かたあて); 当代(とうだい); 当直(とうちょく); 当人(とうにん); 当年(とうねん)
伝,亻; 一; 一; 厶,TRUYỀN,デン; テン,つた-える; つた-わる; つた-う; つだ-う; づた-い; つて,"Truyền đạt, truyền động",Hai (二) người truyền tin nhắn cho nhau.,4,駅伝(えきでん); 皆伝(かいでん); 俗伝(ぞくでん); 虚伝(きょでん); 口伝(くでん); 喧伝(けんでん); 家伝(かでん); 言伝(ことづて); 古伝(こでん); 誤伝(ごでん)
細,糸; 田,TẾ,サイ,ほそ-い; ほそ-る; こま-か; こま-かい,"Thon, nhỏ, chi tiết",Bông lúa ở những cánh đồng (田) cũng mảnh như sợi chỉ (糸).,4,細い(ほそい); 細腕(ほそうで); 細々(ほそぼそ); 細目(ほそめ); 細る(ほそる); 先細(さきぼそ); 肉細(にくぼそ); 細雨(さいう); 些細(ささい); 細菌(さいきん)
無,灬,"MÔ, VÔ",ム; ブ,な.い,Không có,"Ngôi nhà bị thiêu trong lửa, toàn bộ mọi thứ trước đây nay không còn gì.",4,無礼(ぶれい); 無料(むりょう); 有無(うむ); 虚無(きょむ); 皆無(かいむ); 無い(ない); 無さ(なさ); 無し(なし); 無位(むい); 無為(むい)
